2;Venediger Au;48.217909;16.3965357
3;Messe Prater;48.2179449;16.4066327
4;Perspektivstraße;48.2179689;16.4013057
5;Börse;48.2157841;16.3648611
7;Praterstern, Lassallestraße;48.219549;16.3937688
8;Hauptbahnhof S U;48.1859187;16.3749761
9;Julius-Raab-Platz;48.2103428;16.3825669
10;Stubentor U, Dr.-Karl-Lueger-Platz;48.2067269;16.3798899
11;Weihburggasse;48.2046076;16.3777519
12;Schwarzenbergplatz;48.2018176;16.3746168
13;Oper, Karlsplatz U;48.2023325;16.3700893
14;Burgring;48.2038113;16.3640885
15;Ring, Volkstheater U;48.2068287;16.3600371
16;Parlament;48.2082715;16.360109
17;Rathausplatz, Burgtheater;48.210253;16.3606929
18;Schottentor U;48.213725;16.3621481
19;Börse;48.2155567;16.3661277
20;Schottenring U;48.2165922;16.3712032
21;Salztorbrücke;48.21415;16.3737544
22;Schwedenplatz U;48.211576;16.3778597
23;Julius-Raab-Platz;48.2111869;16.3833394
27;Venediger Au;48.2179809;16.3973082
28;Perspektivstraße;48.2178611;16.4007757
29;Messe Prater;48.2178671;16.4066327
30;Elderschplatz;48.2178971;16.4118429
31;Bösendorferstraße, Karlsplatz U;48.2012607;16.3705564
33;Ring, Volkstheater U;48.2067449;16.3596149
36;Westbahnhof S U;48.1964526;16.3392411
37;Schemmerlstraße;48.1574201;16.4233504
39;Hauptbahnhof S U;48.1860325;16.3753085
40;Karl-Popper-Straße;48.18741;16.3791173
41;Julius-Raab-Platz;48.2112707;16.3833484
42;Schwedenplatz U;48.2117137;16.3778237
43;Salztorbrücke;48.2138447;16.3742125
44;Schottenring U;48.2170292;16.3709067
45;Börse;48.2156465;16.3660199
46;Schottentor U;48.213731;16.3618068
47;Rathausplatz, Burgtheater;48.2106302;16.3605941
48;Parlament;48.20896;16.3600641
49;Ring, Volkstheater U;48.206709;16.3599113
50;Burgring;48.2040448;16.3634238
51;Oper, Karlsplatz U;48.2024343;16.3686879
52;Schwarzenbergplatz;48.2016858;16.3746886
53;Weihburggasse;48.2043202;16.3776082
54;Stubentor U, Dr.-Karl-Lueger-Platz;48.2068886;16.3803031
55;Julius-Raab-Platz;48.2106242;16.3827824
56;Hoher Markt;48.2113964;16.3718949
57;Hauptbahnhof Ost;48.1845112;16.3805995
58;Hauptbahnhof Ost;48.1845232;16.3804917
59;Schüttaustraße;48.2309078;16.417152
60;Schüttaustraße;48.230854;16.4170711
62;Schüttauplatz;48.2265334;16.4230539
63;Schödlbergergasse;48.228197;16.4208351
64;Goethehof;48.2295494;16.4191103
65;Kaisermühlen VIC U;48.232709;16.4157596
67;Seidelbastgasse;48.2142937;16.4712396
68;Stavangergasse;48.2130366;16.4759916
69;Haßlwanderweg;48.2125937;16.478992
71;Alfred-Adler-Straße;48.182906;16.380869
72;Kaisermühlen, VIC U;48.2328406;16.415535
73;Goethehof;48.2294178;16.4190025
74;Schödlbergergasse;48.2281551;16.4207273
76;Mauthausgasse;48.187931;16.345691
77;Haus des Meeres;48.1979496;16.3548269
79;Schottenring U;48.2163827;16.3716793
81;Schwarzenbergplatz;48.2010931;16.3747425
88;Beethovengang;48.2597722;16.362777
89;Habsburgergasse;48.2075172;16.3680052
90;Beethovengang;48.259521;16.3627051
91;Nußdorf S;48.2601311;16.3668374
92;Sickenberggasse;48.2581455;16.3670799
93;Grinzinger Straße;48.2544732;16.3651845
94;Halteraugasse;48.2521943;16.3639538
95;Heiligenstadt, 12.-Februar-Platz;48.2491556;16.362768
96;Gunoldstraße;48.2448904;16.3616541
97;Rampengasse;48.2412351;16.3606929
98;Spittelau S U;48.2359939;16.3567672
99;Liechtenwerder Platz;48.2325773;16.3565067
100;Augasse;48.2299923;16.3573242
101;Franz-Josefs-Bahnhof S;48.2257434;16.36116
102;Bauernfeldplatz;48.2210992;16.3607019
103;Schlickgasse;48.2186931;16.3642772
104;Augasse  (Schleife);48.2298546;16.3569918
105;Schwarzenbergplatz;48.2006261;16.3746707
106;Gußhausstraße;48.1971412;16.3754791
107;Plößlgasse;48.1947161;16.3769344
108;Schloss Belvedere;48.1920992;16.3789556
109;Quartier Belvedere S;48.1876435;16.3813901
111;Quartier Belvedere S;48.1877034;16.3815158
112;Schloss Belvedere;48.1917219;16.3793329
113;Plößlgasse;48.1943568;16.3773476
114;Gußhausstraße;48.1981711;16.3751198
115;Seegasse;48.2228588;16.3614295
116;Schlickgasse;48.218747;16.3643939
117;Bauernfeldplatz;48.2206802;16.3608905
118;Franz-Josefs-Bahnhof S;48.2257913;16.3611331
119;Augasse;48.2299623;16.357441
120;Liechtenwerder Platz;48.2325175;16.3566684
121;Spittelau S U;48.235982;16.356893
122;Rampengasse;48.2406847;16.3604413
123;Gunoldstraße;48.2444417;16.3617529
124;Heiligenstadt, 12.-Februar-Platz;48.2487309;16.3626961
125;Halteraugasse;48.2516679;16.3638639
126;Grinzinger Straße;48.2544791;16.3653282
127;Sickenberggasse;48.2578644;16.367008
128;Nußdorf S;48.25985;16.3673763
130;Seegasse;48.2230982;16.3613666
131;Eckpergasse;48.2333731;16.3165946
132;Hintere Zollamtsstraße;48.211151;16.3865374
133;Gredlerstraße;48.2138866;16.3795126
134;Schwedenplatz U;48.2117975;16.3777339
135;Althanstraße;48.2287416;16.3597496
136;Althanstraße;48.228957;16.3592286
137;Hietzing U;48.1884041;16.3039732
138;Cumberlandstraße;48.1918357;16.3019161
139;Ameisgasse;48.1943927;16.2996703
140;Leyserstraße;48.1983807;16.3025449
141;Herbeckstraße;48.2324517;16.3170258
142;Alsegger Straße;48.2316857;16.3241404
143;Gersthof S;48.2315481;16.3289644
144;Weinhauser Gasse;48.2300401;16.3317581
145;Aumannplatz;48.2284184;16.3363216
146;Martinstraße;48.2266471;16.3417744
147;Währinger Straße, Volksoper U;48.2248218;16.3492933
148;Spitalgasse;48.2224039;16.3530033
149;Sensengasse;48.2207042;16.3555455
150;Schwarzspanierstraße;48.2173404;16.359049
151;Montleartstraße;48.2024702;16.3021497
152;Burgersteingasse;48.2026318;16.2978917
153;Breitenseer Straße, Braillegasse;48.2027755;16.2950709
154;Breitenseer Straße, Braillegasse;48.2026378;16.295053
155;Burgersteingasse;48.2025181;16.2979905
156;Montleartstraße;48.2023564;16.3021766
157;Leyserstraße;48.1978179;16.3022215
158;Ameisgasse;48.1947221;16.2995176
159;Cumberlandstraße;48.1923088;16.3017364
160;Schöffelgasse;48.2316558;16.3260269
161;Landstraße, Wien Mitte S U;48.2055655;16.3854235
162;Marxergasse;48.207176;16.3865554
163;Hintere Zollamtsstraße;48.2108636;16.3870315
164;Radetzkyplatz;48.2109774;16.3895378
165;Hetzgasse;48.2085768;16.3927627
166;Löwengasse;48.2058828;16.3945773
167;Wittelsbachstraße;48.2061163;16.3994013
168;Prater Hauptallee;48.2091695;16.4062554
169;Prater Hauptallee;48.2088821;16.4052763
170;Wittelsbachstraße;48.2061702;16.3993923
171;Löwengasse;48.2057571;16.3954487
172;Hetzgasse;48.2082236;16.393149
173;Radetzkyplatz;48.2104027;16.3906517
174;Hintere Zollamtsstraße;48.211151;16.3874717
175;Marxergasse;48.2079183;16.3865644
176;Landstraße, Wien Mitte S U;48.2059906;16.3856571
177;Kutschkergasse;48.2261204;16.3449813
178;Ameisbachzeile, Hanuschkrankenhaus;48.2014463;16.2921514
179;Lebingergasse;48.2040328;16.2901122
180;Flötzersteigbrücke;48.2066551;16.2906692
181;Matschgasse;48.2087085;16.2908129
182;Ottakringer Bad;48.2113066;16.2890971
183;Matschgasse;48.2087445;16.2907051
184;Flötzersteigbrücke;48.2067389;16.2905884
185;Lebingergasse;48.2040688;16.2898966
186;Ameisbachzeile, Hanuschkrankenhaus;48.2012068;16.2921335
187;Kutschkergasse;48.2262042;16.344604
188;Spitalgasse;48.2220628;16.353677
189;Währinger Straße, Volksoper U;48.2248637;16.3493831
190;Martinstraße;48.2265992;16.3427715
191;Aumannplatz;48.2279876;16.3368336
192;Weinhauser Gasse;48.2301299;16.331821
193;Gersthof S;48.2317276;16.3289554
194;Alsegger Straße;48.2316917;16.3247064
195;Herbeckstraße;48.2324517;16.3182475
196;Guneschgasse;48.2362512;16.3535064
197;Döblinger Hauptstraße, Gatterburggasse;48.2387223;16.3546472
198;Pokornygasse;48.2408641;16.3554647
199;Barawitzkagasse;48.2442682;16.3556354
200;Perntergasse;48.2487189;16.3551862
201;Hohe Warte;48.2510159;16.3555725
202;Perntergasse;48.2493889;16.3549796
203;Barawitzkagasse;48.2448844;16.3557162
204;Pokornygasse;48.2414026;16.3554737
205;Döblinger Hauptstraße, Gatterburggasse;48.2390932;16.3546472
206;Guneschgasse;48.2368196;16.3535872
207;Glatzgasse;48.2339236;16.3528506
208;Nußdorfer Straße U;48.2323918;16.353686
209;Canisiusgasse;48.2282628;16.354746
210;Nußdorfer Straße / Alserbachstraße;48.2251689;16.3546921
211;Spitalgasse;48.2225715;16.3533536
212;Döblinger Bad;48.2512013;16.3569649
213;Nußdorfer Straße / Alserbachstraße;48.2256237;16.3551593
214;Canisiusgasse;48.2279696;16.3549167
215;Nußdorfer Straße U;48.2315301;16.354252
216;Glatzgasse;48.2330201;16.3534345
217;Lange Gasse;48.2149761;16.3513863
218;Skodagasse;48.2152155;16.3491855
219;Brünnlbadgasse;48.2154849;16.3463198
220;Alser Straße U;48.2172207;16.3421337
221;Palffygasse;48.2176995;16.3366719
222;Elterleinplatz;48.2181724;16.3319648
223;Rosensteingasse;48.2192438;16.32706
224;Hernals, Wattgasse;48.2214224;16.3218138
225;Bahnhof Hernals;48.2216558;16.3210143
230;Hernals, Wattgasse;48.2213506;16.3217419
231;Rosensteingasse;48.21913;16.3269701
232;Elterleinplatz;48.2180886;16.332881
233;Palffygasse;48.2175918;16.336645
234;Alser Straße U;48.2171549;16.3420798
235;Brünnlbadgasse;48.2155028;16.3453407
236;Skodagasse;48.2151377;16.3491675
237;Lange Gasse;48.214988;16.3504251
238;Landesgerichtsstraße;48.2144433;16.3570816
239;Hainburger Straße;48.1989795;16.3971555
240;Hohe Warte;48.2513569;16.3553838
241;Maroltingergasse;48.2144134;16.3057699
242;Maroltingergasse;48.2134736;16.3059855
243;Weinheimergasse;48.2136831;16.3111328
244;Redtenbachergasse;48.2133299;16.3144207
245;Familienplatz;48.2134257;16.3185799
246;Johann-Nepomuk-Berger-Platz;48.2131923;16.3251016
247;Haberlgasse;48.2117915;16.3305544
248;Brunnengasse;48.2110851;16.3357287
249;Josefstädter Straße U;48.2111689;16.3392591
250;Albertgasse;48.2106182;16.343571
251;Josefstädter Str. / Lederergasse;48.2096664;16.348359
252;Rathaus U;48.2091755;16.3547909
253;Landstraße S U;48.2060983;16.3842647
254;Hintzerstraße;48.2004524;16.3930861
256;Apostelgasse;48.2003686;16.3982335
257;Kardinal-Nagl-Platz U;48.1978598;16.4013147
258;Lechnerstraße;48.1965903;16.4048361
259;Landstraße S U;48.2062121;16.3843365
262;Lechnerstraße;48.1966861;16.4048451
263;Kardinal-Nagl-Platz U;48.1970574;16.4019255
264;Rabengasse;48.1943208;16.3977843
265;Klimschgasse;48.192692;16.395835
266;Barichgasse;48.1983508;16.3948199
267;Hintzerstraße;48.2004105;16.3929963
268;Stubentor U;48.2070682;16.3806534
269;Rathaus U;48.2093072;16.3555725
270;Josefstädter Str. / Lederergasse;48.2096305;16.3491316
271;Albertgasse;48.2105763;16.3443346
272;Blindengasse;48.2110073;16.3407952
273;Josefstädter Straße U;48.2110492;16.3390255
274;Brunnengasse;48.2111031;16.3363934
275;Neulerchenfelder Str. / Haberlgasse;48.2116957;16.3316054
276;Johann-Nepomuk-Berger-Platz;48.2134137;16.3269252
277;Familienplatz;48.2135634;16.3194422
278;Redtenbachergasse;48.213324;16.3150135
279;Johannes-Krawarik-Gasse;48.2138627;16.3086714
280;Kleistgasse;48.1935124;16.3909931
281;Barichgasse;48.1981172;16.3949277
282;Eslarngasse;48.1964346;16.3959248
283;Rabengasse;48.1938059;16.3977753
284;St. Marx S;48.1886377;16.3993923
286;St. Marx S, Leberstraße;48.1878472;16.3996438
287;Viehmarktgasse;48.1906739;16.4008027
288;St. Marx S;48.1886796;16.3999493
289;Grasbergergasse;48.1862361;16.4003355
290;Hofmannsthalgasse;48.1850203;16.3998954
291;Stubentor U;48.2073436;16.3802672
292;Petrusgasse;48.1927519;16.3988623
293;St. Marx S;48.1885838;16.399536
294;Rabengasse;48.1943089;16.3975418
295;Eslarngasse;48.1965005;16.3961134
296;Rochusgasse U;48.2022726;16.3908044
297;Rochusgasse U;48.2023444;16.3909122
298;Weyrgasse;48.2049249;16.387795
299;Raxstraße, Rudolfshügelgasse;48.1667496;16.3644478
300;Gudrunstraße;48.1786952;16.3738173
301;Columbusplatz;48.1823011;16.3737544
302;Hauptbahnhof S U;48.1860804;16.3747515
303;Quartier Belvedere S;48.1877094;16.3800875
304;Fasangasse;48.1882544;16.3847048
305;Kölblgasse;48.1908895;16.3857469
306;Rennweg S;48.1943328;16.3864655
307;Neulinggasse;48.1988238;16.3874267
308;Sechskrügelgasse;48.2024702;16.3871932
310;Franzensbrücke;48.2139106;16.39155
311;Praterstern S U;48.2183579;16.3916039
312;Rueppgasse;48.2205366;16.3864116
313;Taborstraße;48.2221645;16.3827196
314;Am Tabor;48.2255818;16.3839862
315;Rebhanngasse;48.2277721;16.3881364
316;Innstraße;48.2303154;16.3870944
317;Traisengasse S;48.2337501;16.3832316
318;Dresdner Straße U;48.2371906;16.3793689
319;Höchstädtplatz;48.2390154;16.3773387
320;Friedrich-Engels-Platz;48.2440529;16.3802133
321;Friedrich-Engels-Platz;48.2442682;16.3795934
322;Höchstädtplatz;48.2396676;16.3770602
323;Dresdner Straße U;48.2371427;16.379279
324;Traisengasse S;48.2336604;16.3831687
325;Innstraße;48.2307223;16.3864745
326;Rebhanngasse;48.228203;16.3883969
327;Am Tabor;48.2254921;16.3837167
328;Heinestraße, Taborstraße;48.2226074;16.3824231
329;Rueppgasse;48.2204767;16.3857738
330;Mühlfeldgasse;48.220752;16.3891425
332;Franzensbrücke;48.2139046;16.3914602
333;Radetzkyplatz;48.2113126;16.3904361
334;Sechskrügelgasse;48.2014284;16.3873459
335;Neulinggasse;48.1993148;16.3873279
336;Rennweg S;48.1949017;16.3864476
337;Kölblgasse;48.1913386;16.385684
338;Weyrgasse;48.2042005;16.3885676
339;Quartier Belvedere S;48.1877873;16.3799977
340;Hauptbahnhof S U;48.1861223;16.3747246
341;Columbusplatz;48.1824209;16.3736556
342;Gudrunstraße;48.1779764;16.3736825
343;Quellenplatz;48.1760655;16.3735298
344;Oberzellergasse;48.1921231;16.394757
345;Praterstern S U;48.2182083;16.3916039
346;Nordbahnstraße;48.2232717;16.3894929
347;Am Tabor;48.2251031;16.3840221
348;Nordwestbahnstraße;48.2280773;16.3808421
349;Rauscherstraße;48.2307343;16.3753534
350;Wallensteinplatz;48.230094;16.3713828
351;Klosterneuburger Str. / Wallensteinstraße;48.2288373;16.3686519
352;Friedensbrücke U;48.2271438;16.3651306
353;Franz-Josefs-Bahnhof S;48.2255579;16.3611331
354;Nußdorfer Straße;48.2247859;16.3549077
355;Lazarettgasse;48.2192198;16.3518175
356;Lange Gasse;48.2152095;16.3509551
357;Laudongasse;48.2132581;16.3480356
358;Florianigasse;48.2129408;16.3457539
359;Albertgasse;48.2108098;16.3439752
360;Lerchenfelder Straße;48.2086786;16.3393489
361;Burggasse;48.2045238;16.3399508
362;Westbahnstraße;48.2020511;16.3404179
363;Stollgasse;48.1988956;16.3410377
364;Mariahilfer Straße / Kaiserstraße;48.1966742;16.3416306
365;Josefstädter Straße U;48.2116299;16.3395286
366;Neustiftgasse;48.206242;16.3396184
367;Neustiftgasse;48.205781;16.339807
368;Westbahnhof (Bed.-HS);48.1966802;16.3394567
369;Simmeringer Haide;48.1773893;16.4404902
370;Westbahnhof S U;48.1966562;16.3394926
373;Stollgasse;48.1985543;16.3410916
374;Westbahnstraße;48.201608;16.3405886
375;Burggasse;48.2040268;16.3401394
376;Lerchenfelder Straße;48.2082116;16.3394298
377;Blindengasse;48.2107499;16.3404538
378;Florianigasse;48.2123841;16.345152
379;Laudongasse;48.2132401;16.3498682
380;Lange Gasse;48.214563;16.3510629
381;Lazarettgasse;48.2185914;16.3516199
382;Spitalgasse;48.2220269;16.353183
383;Nußdorfer Straße / Alserbachstraße;48.22472;16.3549347
384;Franz-Josefs-Bahnhof S;48.225504;16.361178
385;Friedensbrücke U;48.2271557;16.3653641
386;Klosterneuburger Str. / Wallensteinstraße;48.2284424;16.3680141
387;Wallensteinplatz;48.2297529;16.370781
388;Rauscherstraße;48.2306804;16.3752905
389;Nordwestbahnstraße;48.2280055;16.3807523
390;Am Tabor;48.225528;16.383043
391;Nordbahnstraße;48.2237266;16.3888012
392;Mühlfeldgasse;48.2204348;16.3900588
396;Gumpendorfer Straße U;48.1907937;16.3378128
397;Margaretengürtel U;48.1883263;16.3417115
398;Arbeitergasse, Gürtel;48.1843974;16.3455922
399;Eichenstraße;48.1803784;16.3498592
400;Matzleinsdorfer Platz S;48.1806359;16.3587076
401;Knöllgasse;48.1776409;16.3581686
402;Neilreichgasse;48.1761493;16.3653192
403;Quellenplatz;48.1756162;16.3731076
404;Reumannplatz U;48.1753466;16.3772578
405;Gellertplatz;48.1750291;16.3820818
406;Schrankenberggasse;48.173819;16.3894569
407;Bernhardtstalgasse;48.1764369;16.3612498
408;Geiereckstraße;48.1749992;16.3997157
409;Geiselbergstraße S;48.1746877;16.4063273
410;Polkorabplatz;48.1744361;16.4131365
411;Bernhardtstalgasse;48.1764369;16.3620942
412;Enkplatz U, Grillgasse;48.1740107;16.4161728
415;Polkorabplatz;48.1745978;16.4114926
416;Geiselbergstraße S;48.1747596;16.4063273
418;Geiereckstraße;48.1750651;16.399545
419;Schemmerlstraße, Unterfeld;48.1605721;16.4213292
420;Schrankenberggasse;48.1738909;16.3894839
421;Gellertplatz;48.1749453;16.3833304
422;Reumannplatz U;48.1753526;16.3781651
423;Quellenplatz;48.1756881;16.3739969
424;Neilreichgasse;48.1761913;16.3659301
425;Knöllgasse;48.1772635;16.358474
426;Matzleinsdorfer Platz S;48.1805101;16.3592286
427;Eichenstraße;48.1804323;16.3499041
428;Arbeitergasse, Gürtel;48.1844573;16.345718
429;Margaretengürtel U;48.1882903;16.3422415
430;Gumpendorfer Straße U;48.1902128;16.3379745
432;Franz-Eder-Weg;48.1771258;16.4346871
433;1. Haidequerstraße Mitte;48.1824149;16.4290277
434;Kopalgasse;48.1777428;16.4131545
435;Enkplatz U, Grillgasse;48.1743642;16.4166759
436;Rappachgasse;48.1798213;16.4241589
437;Simoningplatz;48.1791085;16.4204039
438;Haidestraße S;48.1797614;16.4275275
439;1. Haidequerstraße Süd;48.1810852;16.428363
440;Kraftwerk Simmering;48.1839003;16.4302045
442;Kraftwerk Simmering;48.1833972;16.4297015
443;Oriongasse;48.1762991;16.4399692
444;Simmeringer Haide;48.1773534;16.440607
445;Oriongasse;48.1762931;16.4397716
446;Simoningplatz;48.1792882;16.4209249
447;Rappachgasse;48.179995;16.4246799
448;Krausegasse;48.1746697;16.420368
449;1. Haidequerstraße Süd;48.1814026;16.428363
455;Michelbeuern U AKH;48.2220807;16.3431937
458;Josefstädter Straße U;48.2113186;16.3388099
460;Burggasse, Stadthalle U;48.2021289;16.3375972
461;Burggasse, Stadthalle U;48.2019972;16.3370762
462;Urban-Loritz-Platz;48.2010691;16.3372379
464;Westbahnhof S U;48.1968538;16.3387919
470;Bahnhof Meidling S U;48.174454;16.3311114
471;Dörfelstraße;48.1755503;16.3362767
472;Haidestraße S;48.1787191;16.428857
473;Haidestraße S;48.1792403;16.4279138
474;Haidestraße S;48.1791804;16.4269257
475;Murlingengasse;48.1762692;16.3358095
476;Dörfelstraße;48.1754245;16.3352167
477;Bahnhof Meidling S U;48.17446;16.330752
481;Mariahilfer Gürtel;48.193207;16.3389357
482;Mariahilfer Gürtel;48.193237;16.3388189
483;Westbahnhof S U;48.1968718;16.3388908
484;Westbahnhof S U;48.1973508;16.3389536
485;Urban-Loritz-Platz;48.2014463;16.3375702
493;Währinger Straße, Volksoper U;48.2243191;16.3489968
497;Nußdorfer Straße U;48.2324217;16.3540992
500;Bhf. Meidling S U;48.1746577;16.3312192
503;Sagedergasse;48.1614229;16.3181037
504;Am Schöpfwerk;48.1614769;16.3246435
505;Lichtensterngasse;48.159098;16.3299166
506;Nauheimergasse;48.157462;16.3314168
508;Burggasse, Stadthalle U;48.2020092;16.337184
509;Haidestraße S;48.1790666;16.4276802
510;Franz-Eder-Weg;48.1774073;16.434229
511;Zanaschkagasse;48.1574261;16.3289554
512;Lichtensterngasse;48.1589601;16.3299346
513;Am Schöpfwerk;48.1615428;16.3250298
514;Khleslplatz;48.1625914;16.3221821
516;Wallrißstraße;48.2320687;16.3269522
517;Wienerbergbrücke;48.1721357;16.3286051
518;Bhf. Meidling S U;48.1746338;16.3320276
519;Otto-Probst-Platz;48.1539383;16.3488441
520;Gutheil-Schoder-Gasse;48.1595114;16.3357646
521;Gersthof S;48.2316738;16.3288476
522;Simonygasse;48.2275447;16.3283805
523;Sommarugagasse;48.2261982;16.3313808
524;Vinzenzgasse;48.225127;16.3340399
525;Blumengasse;48.2216857;16.331821
526;Elterleinplatz;48.2183998;16.3309227
527;Inzersdorf,  Kirchenplatz;48.1501566;16.3473349
528;Mayssengasse;48.216245;16.3254699
529;Neusteinhof;48.1572523;16.3332763
530;Feßtgasse;48.2108397;16.3252184
531;Panikengasse;48.2084691;16.324365
532;Camillo-Sitte-Gasse;48.2052242;16.3273294
533;Guntherstraße;48.2027635;16.3269162
535;Urban-Loritz-Platz;48.200668;16.3371121
538;Computerstraße;48.1574201;16.342475
539;Gutheil-Schoder-Gasse;48.1593257;16.3359263
540;Zanaschkagasse;48.1570665;16.3286051
541;Urban-Loritz-Platz;48.2005782;16.337714
542;Inzersdorf, Kirchenplatz;48.1501806;16.3472181
543;Guntherstraße;48.202069;16.3266916
544;Camillo-Sitte-Gasse;48.2047992;16.3273294
545;Panikengasse;48.2077327;16.3243021
546;Feßtgasse;48.2102291;16.3251645
547;Johann-Nepomuk-Berger-Platz;48.2129109;16.3253262
548;Johann-Nepomuk-Berger-Platz;48.2140363;16.3266018
549;Rosensteingasse;48.2186512;16.3275271
550;Elterleinplatz;48.218729;16.3309497
551;Blumengasse;48.2212368;16.3317402
552;Vinzenzgasse;48.224744;16.3343094
553;Sommarugagasse;48.2261085;16.3320366
554;Simonygasse;48.2276106;16.3282817
555;Frauengasse;48.2138747;16.3294585
556;Johann-Nepomuk-Berger-Platz;48.2134497;16.3255238
557;Nauheimergasse;48.1573422;16.3314886
558;Jungbauerweg;48.1551609;16.3454305
559;Kendlerstraße U;48.2037395;16.3080426
560;Dornbach;48.2261863;16.3079258
561;Liebknechtgasse;48.2228528;16.3066143
562;Sandleitengasse;48.2181664;16.3074677
563;Maroltingergasse;48.2138447;16.3063807
564;Rankgasse;48.2111929;16.3056531
565;Joachimsthalerplatz;48.2093371;16.3051141
566;Gutraterplatz;48.2077507;16.308887
567;Laurentiusplatz;48.2019553;16.3079169
568;Hütteldorfer Straße U;48.1995782;16.3121479
569;Märzstraße;48.1968598;16.3119683
570;Linzer Straße, Reinlgasse;48.1935364;16.3114203
571;Johnstraße, Linzer Straße;48.1927339;16.314771
572;Schloss Schönbrunn;48.1882784;16.3134774
573;Hietzing U;48.1877753;16.304126
574;Hietzing U;48.187919;16.3036948
575;Kendlerstraße U;48.2042424;16.3080696
576;Schloss Schönbrunn;48.1880628;16.3127408
577;Penzinger Straße;48.1899073;16.3148608
578;Johnstraße, Linzer Straße;48.1927998;16.314789
579;Linzer Straße, Reinlgasse;48.1932489;16.3118874
580;Märzstraße;48.1963927;16.3120401
581;Hütteldorfer Straße U;48.1996321;16.3122018
582;Laurentiusplatz;48.2017577;16.3085906
583;Gutraterplatz;48.2074274;16.3092733
584;Joachimsthalerplatz;48.2086846;16.3049614
585;Rankgasse;48.210696;16.3054824
586;Maroltingergasse;48.2131563;16.3065424
587;Sandleitengasse;48.217526;16.3075755
588;Liebknechtgasse;48.2224757;16.3069107
590;Friedrich-Engels-Platz;48.2438435;16.379845
591;Handelskai S U;48.2410496;16.3838874
592;Allerheiligengasse;48.2386744;16.3864027
593;Engerthstraße / Traisengasse;48.2360717;16.389412
594;Innstraße;48.2332714;16.3926549
595;Holubstraße;48.2316797;16.3946672
596;Walcherstraße;48.2260965;16.4012428
597;Vorgartenstraße U;48.224361;16.4013776
598;;48.2208837;16.4080251
605;Marathonweg;48.2088402;16.4265843
607;Stadlauer Brücke;48.2003087;16.4385049
608;Aignerstraße;48.2464278;16.3749941
609;Leystraße;48.243999;16.3769165
610;Stadlauer Brücke;48.2002249;16.4389182
611;Praterbrücke;48.2032605;16.4346242
612;Marathonweg;48.2085469;16.4270874
614;Stadion;48.2110552;16.4221736
615;Pensionistenwohnhaus Prater;48.2136472;16.4184815
616;Sturgasse;48.2160834;16.4149691
617;Engerthstraße, Traisengasse;48.2365923;16.3890257
618;;48.2213625;16.407567
619;Walcherstraße;48.2261324;16.4013237
620;Holubstraße;48.231955;16.3944695
621;Innstraße;48.2333432;16.3928975
622;Engerthstraße, Traisengasse;48.2362033;16.3887922
623;Allerheiligengasse;48.2388898;16.3863847
624;Handelskai S U;48.240906;16.3842377
625;Friedrich-Engels-Platz;48.2434546;16.3797192
626;Leystraße;48.2441845;16.3769075
627;Aignerstraße;48.2462304;16.3748952
628;Burggasse, Stadthalle U;48.2021289;16.3375074
631;Gadnergasse;48.1594815;16.4175742
633;Dietmayrgasse;48.2392607;16.3683465
634;Gürtelbrücke;48.2375735;16.3655348
635;Glatzgasse;48.2333492;16.3544406
636;Nordbrücke;48.261058;16.3954846
637;Am Spitz;48.2583608;16.3976496
638;Am Spitz;48.2582173;16.3972813
639;Nordbrücke;48.2610222;16.3953768
640;Nußdorfer Straße U;48.2314823;16.3530662
641;Glatzgasse;48.2330261;16.3551503
642;Gürtelbrücke;48.237388;16.3656606
643;Dietmayrgasse;48.239165;16.3687597
645;Lassallestraße U;48.2232837;16.4027789
646;Jungstraße;48.2210513;16.4057075
647;Jungstraße;48.2211052;16.4057973
648;Lassallestraße;48.2238343;16.4022669
649;Vorgartenstraße U;48.2244447;16.4015303
650;Pensionsversicherungsanstalt;48.2292562;16.3974789
651;Pfenninggeldgasse;48.2068886;16.3145554
652;Possingergasse;48.2106781;16.3186877
653;Schuhmeierplatz;48.2118334;16.319038
654;Familienplatz;48.2143535;16.3191188
656;Wilhelminenstraße;48.2165024;16.3196489
657;Albrechtskreithgasse;48.2194832;16.320655
659;Donaumarina U;48.2060325;16.4307076
660;Alser Straße, Skodagasse;48.2149641;16.3487094
661;Laudongasse;48.2134018;16.348359
662;Lederergasse;48.2099896;16.3487273
663;Strozzigasse;48.206703;16.3492034
664;Neubaugasse / Burggasse;48.2040029;16.3489249
665;Neubaugasse / Westbahnstraße;48.2014044;16.3490238
666;Neubaugasse U;48.1980873;16.3508024
667;Griegstraße;48.249371;16.3753713
668;Haus des Meeres;48.1973388;16.3540004
669;Pilgramgasse U;48.1928956;16.3545035
670;Margaretenplatz, Schönbrunner Straße;48.1918956;16.3567403
671;Ziegelofengasse;48.1919015;16.3601539
672;Leibenfrostgasse;48.1899552;16.3623278
673;Johann-Strauß-Gasse;48.1897995;16.3655707
674;Rainergasse;48.1885718;16.3679423
675;Belvederegasse;48.1899972;16.3716793
676;Kolschitzkygasse;48.1879669;16.3730627
677;Forsthausgasse;48.2453211;16.3750839
678;Dr.-Adolf-Schärf-Heim;48.2457638;16.370736
679;Bahnhof Heiligenstadt S U;48.2483002;16.3643131
680;Dr.-Adolf-Schärf-Heim;48.2451237;16.3692359
681;Forsthausgasse;48.2452015;16.3749761
682;Esterhazygasse;48.1948298;16.3527248
683;Edmund-Reim-Gasse;48.1625494;16.3140613
684;Rothenburgstraße;48.1631726;16.3189931
685;Hetzendorf S;48.1658329;16.3145554
686;Eckartsaugasse;48.1666418;16.3159208
688;Neubaugasse U;48.1985064;16.3498682
689;Leibnizgasse;48.1707398;16.3753085
690;Südbahnhof S;48.1878891;16.381417
691;Mommsengasse;48.1885778;16.3788029
692;Argentinierstraße;48.1885898;16.3769165
693;Kolschitzkygasse;48.1880867;16.3727573
694;Rainergasse;48.1879849;16.3688675
695;Johann-Strauß-Gasse;48.1905302;16.3660738
696;Leibenfrostgasse;48.1899493;16.3636124
697;Ziegelofengasse;48.1924166;16.3608546
698;Margaretenplatz, Schönbrunner Straße;48.1919794;16.3567942
699;Pilgramgasse U;48.1927519;16.3552311
700;Arsenal;48.1836906;16.3841209
701;Inzersdorfer Straße / Bernhardtstalgasse;48.1731361;16.3608546
703;Kirchengasse;48.199674;16.3528686
704;Siebensterngasse;48.2024462;16.3517367
705;Kellermanngasse;48.2054398;16.351575
706;Piaristengasse;48.2065473;16.3513773
707;Theater in der Josefstadt;48.2092713;16.3506856
708;Laudongasse;48.2130127;16.3495717
709;Fernkorngasse;48.1741066;16.3635855
710;Unfallkrankenhaus Meidling;48.1735914;16.3449724
711;Klinik Favoriten;48.1749393;16.3492394
712;Davidgasse / Knöllgasse;48.175131;16.3569559
713;Belgradplatz;48.1740347;16.358519
714;Herzgasse;48.1723992;16.3656965
715;Arthaberplatz;48.1712909;16.3726225
717;Arthaberplatz;48.1727886;16.3721105
718;Herzgasse;48.1724292;16.3661097
719;Belgradplatz;48.1743163;16.3604773
720;Davidgasse / Knöllgasse;48.1754245;16.3565606
721;Klinik Favoriten;48.1749752;16.3485117
722;Bischoffgasse;48.1834091;16.3221821
723;Schönbrunn U;48.1847927;16.3200351
724;Schönbrunn U;48.1862241;16.3199273
725;Schloss Schönbrunn;48.1870506;16.3139266
726;Wilhelm-Kreß-Platz;48.1605002;16.4269077
727;Pretschgasse;48.1581032;16.4244104
728;Geiselbergstraße S;48.1743882;16.4066148
731;Am Kanal;48.1694996;16.4103158
732;Lilienthalgasse;48.1794379;16.3930143
733;Gräßlplatz;48.1768442;16.3972813
734;Mitterfeldgasse;48.1652038;16.4152206
735;Hasenleitengasse;48.1617285;16.4177179
737;Mitterfeldgasse;48.1652338;16.4152835
738;Am Kanal;48.1704222;16.40966
739;Geiselbergstraße S;48.1747596;16.4061297
740;Lilienthalgasse;48.1784855;16.3913703
742;Hüttenbrennergasse;48.1761374;16.3948738
743;Am Kanal, Hasenleitengasse;48.1635201;16.4184186
744;Gattergasse;48.1609915;16.4223263
745;Pretschgasse;48.1580433;16.4243565
746;Wilhelm-Kreß-Platz;48.1604642;16.4270155
748;Keplerplatz U;48.1781681;16.3760451
749;Scalagasse;48.1822172;16.3574949
750;Gattergasse;48.1606859;16.4225598
751;Pilgramgasse U;48.1927699;16.3539106
752;Am Kanal, Hasenleitengasse;48.1635501;16.418221
753;Reinprechtsdorfer Brücke;48.188458;16.3516828
754;Reinprechtsdorfer Straße / Arbeitergasse;48.186296;16.3532818
755;Fendigasse;48.18408;16.3555365
756;Matzleinsdorfer Platz S;48.1805161;16.3591657
757;Evangelischer Friedhof;48.1797973;16.3601808
758;Sonnleithnergasse;48.1789707;16.3625793
759;Erlachplatz;48.1785754;16.3686879
760;Wielandplatz;48.1775451;16.380348
761;Laxenburger Straße / Gudrunstraße;48.1784017;16.3720655
762;Keplerplatz U;48.1780542;16.3760181
763;Scalagasse;48.1824867;16.3573601
764;Reumannplatz U;48.1754784;16.3788658
765;Laxenburger Straße / Gudrunstraße;48.1784975;16.3721464
766;Erlachplatz;48.1786712;16.3692448
767;Sonnleithnergasse;48.1790067;16.3633429
768;Matzleinsdorfer Platz S;48.1804143;16.3593724
770;Reinprechtsdorfer Straße / Arbeitergasse;48.1863559;16.3534255
771;Reinprechtsdorfer Brücke;48.1893444;16.3517007
772;Bezirksamt Margareten;48.1907338;16.3552132
773;Esterhazygasse;48.195261;16.3511168
774;Boschstraße, Halteraugasse;48.2519191;16.3657773
775;Kahlenberg;48.276533;16.3368067
776;Elisabethwiese;48.2810228;16.3343633
777;Leopoldsberg;48.2788766;16.3444154
778;Elisabethwiese;48.2810945;16.3343273
779;Eibesbrunnergasse;48.1710872;16.3378308
780;Am Europlatz;48.1714826;16.3332134
781;Eibesbrunnergasse;48.1708895;16.3377409
782;Gesundheitszentrum Süd;48.1696913;16.3454664
783;Altdorferstraße;48.168559;16.3497424
784;Stefan-Fadinger-Platz;48.1676423;16.3545035
785;Gußriegelstraße;48.1661984;16.359049
786;Raxstraße / Rudolfshügelgasse;48.1655873;16.3638999
787;Laxenburger Straße / Raxstraße;48.1648024;16.3689574
788;Daumegasse;48.1637239;16.3748683
789;Altes Landgut U;48.160626;16.3837167
790;Wienerbergbrücke;48.1720877;16.3277337
791;Neulandschule;48.1586845;16.3873459
792;Florian-Geyer-Gasse;48.1568628;16.3923046
793;Siedlung Südost;48.1563414;16.3942719
794;Langsulzgasse;48.1579055;16.3999133
795;Männertreugasse;48.159859;16.4049349
796;Max-Mauermann-Gasse;48.1630887;16.4094714
797;Grillgasse S;48.1672409;16.4085012
798;Am Kanal;48.1703444;16.4106841
799;Enkplatz U, Grillgasse;48.1740347;16.4160381
800;Am Kanal;48.1704342;16.4105494
801;Himmelstraße;48.2572005;16.3376241
802;Siedlung Südost;48.1564793;16.3948917
803;Florian-Geyer-Gasse;48.1570246;16.3915231
804;Neulandschule;48.1588463;16.3874357
805;Kreilplatz;48.2543416;16.3667026
806;Altes Landgut U;48.1608537;16.383564
807;Am Europlatz;48.1714048;16.3331954
808;Daumegasse;48.1642272;16.3740149
809;Laxenburger Straße / Raxstraße;48.1651978;16.3677626
810;Raxstraße / Rudolfshügelgasse;48.1654435;16.3654
811;Gußriegelstraße;48.1665938;16.3582584
812;Stefan-Fadinger-Platz;48.1680078;16.3539825
813;Clemens-Holzmeister-Straße;48.169224;16.3476943
814;Gesundheitszentrum Süd;48.1700628;16.3448286
815;Eibesbrunnergasse;48.171225;16.3376511
816;Grillgasse S;48.1671451;16.4084563
817;Max-Mauermann-Gasse;48.1631486;16.4093277
818;Männertreugasse;48.159853;16.4045756
819;Langsulzgasse;48.1579474;16.3995989
821;Swatoschgasse;48.1659707;16.4105494
822;Swatoschgasse;48.1659707;16.4107111
823;Kastanienallee;48.1720937;16.3413342
824;Oberer Reisenbergweg;48.2592938;16.3360341
825;Oberer Reisenbergweg;48.2595868;16.3354053
826;Bahnhof Heiligenstadt S U;48.249353;16.3647802
827;Grinzinger Straße;48.2547124;16.3649329
828;Fernsprechamt Heiligenstadt, Pfarrpl.;48.2541382;16.3601
829;Armbrustergasse;48.2539528;16.3554377
830;Neugebauerweg;48.2537494;16.3522397
831;Kliebergasse;48.1827323;16.3642322
832;Blechturmgasse;48.1841219;16.3682297
833;Hauptbahnhof S U;48.1861283;16.3745988
834;Heinrich-Drimmel-Platz;48.1878472;16.3914781
835;Wildgansplatz;48.1860744;16.3965716
836;Baumgasse;48.1930813;16.4045486
837;Schlachthausgasse U;48.1941352;16.4074861
839;Bretschneidergasse;48.2545748;16.3492214
841;Schlachthausgasse U;48.1940095;16.4074592
842;Erdbergstraße;48.1950155;16.4083665
843;Baumgasse;48.1934945;16.4049169
844;Wildgansplatz;48.1860205;16.3966614
845;Heinrich-Drimmel-Platz;48.187943;16.3915051
846;Fasangasse;48.1883083;16.3854235
847;Hauptbahnhof S U;48.1861822;16.3745539
848;Blechturmgasse;48.1842596;16.3685981
849;Kliebergasse;48.182894;16.3647083
850;Bretschneidergasse;48.2537195;16.3481883
851;Matzleinsdorfer Platz S;48.1809055;16.3594622
852;Schloss Schönbrunn;48.1878232;16.3146812
853;Neugebauerweg;48.2539109;16.3517906
854;Armbrustergasse;48.253881;16.3556354
855;Grinzing;48.2557471;16.3424211
856;Cobenzlgasse;48.2640123;16.3300064
857;Wagenwiese;48.2656687;16.3277427
858;Fernsprechamt Heiligenstadt, Pfarrpl.;48.2540306;16.3595251
859;Cobenzl-Parkplatz;48.2639764;16.3212479
861;Krapfenwaldgasse;48.2686885;16.3242572
862;Sulzwiese;48.2774477;16.3201789
863;Feuerwache Grinzing;48.2614527;16.3325846
864;Feuerwache Grinzing;48.2614228;16.3324948
865;Kahlenberg;48.276533;16.3368067
866;Sulzwiese;48.2775016;16.32008
867;Krapfenwaldgasse;48.2688081;16.3242662
869;Cobenzl-Parkplatz;48.2639884;16.3215263
870;Grinzinger Straße;48.2544612;16.3650317
871;Wagenwiese;48.2655671;16.3277337
872;Cobenzlgasse;48.2633425;16.3308958
873;Grinzing;48.2557053;16.3423672
879;Linzer Straße;48.19268;16.3165407
880;Kagran U;48.2432991;16.4337618
881;Kagran U;48.2432632;16.4337349
882;Märzstraße;48.1964346;16.3185888
883;Siebeckstraße;48.2413906;16.4339505
885;Kagraner Platz U;48.2501426;16.4427091
891;Kagraner Platz;48.2500768;16.4432301
892;Steigenteschgasse;48.2451536;16.4386307
893;Siebeckstraße;48.2421145;16.434193
894;Kagraner Brücke;48.2396736;16.4306896
897;Schmelz, Gablenzgasse;48.2067509;16.315813
898;Johnstraße, Schuselkagasse;48.1994884;16.3189931
900;Johnstraße U;48.1975963;16.3186607
901;Märzstraße;48.1960454;16.3182834
902;Linzer Straße;48.1918177;16.3159837
903;Markomannenstraße;48.2501247;16.4545848
904;Gewerbepark Kagran;48.2515543;16.4692363
905;Breitenlee, Spargelfeldstraße;48.2514167;16.4834836
906;Breitenlee, Ziegelhofstraße;48.2513389;16.4883884
907;Breitenlee, Ort;48.2511296;16.4973087
908;Agrarweg;48.2497478;16.5255607
909;Neueßling;48.2494667;16.5327382
910;Breitenlee, Friedhof;48.2511056;16.4929339
911;Ludwig-Reindl-Gasse;48.2515782;16.4602981
912;Breitenlee, Ziegelhofstraße;48.2513688;16.4890711
913;Kalmusweg;48.2502622;16.4801598
914;Neueßling;48.2494128;16.5321453
915;Agrarweg;48.2498315;16.5255876
916;Breitenlee, Ort;48.2512552;16.4980183
917;Tierquartier;48.2516739;16.4744016
918;Breitenlee, Spargelfeldstraße;48.2515184;16.4834836
919;Gewerbepark Kagran;48.2516619;16.4692363
920;Markomannenstraße;48.2502383;16.454495
921;Breitenlee, Friedhof;48.2512193;16.49288
922;Ludwig-Reindl-Gasse;48.2516141;16.4600465
923;Kagraner Platz U;48.2504776;16.4435984
924;Breitenlee, Arnikaweg;48.2513868;16.4794951
925;Thujagasse;48.253564;16.5343911
926;Speierlinggasse;48.2588572;16.5364932
927;Invalidensiedlung;48.2615424;16.5361159
928;Speierlinggasse;48.2584445;16.5360979
929;Thujagasse;48.2540485;16.534436
930;Algenweg;48.2489044;16.5314446
931;Huflattichweg;48.2472653;16.5309955
932;Daphneweg;48.2445494;16.5302409
933;Maculangasse / Wagramer Straße;48.2623019;16.4539829
934;Spitzweg;48.2647418;16.4561658
936;Percostraße;48.2697349;16.4643046
937;Wagramer Straße, Ostbahn;48.2752775;16.4767193
938;Badeteich Süßenbrunn;48.2777407;16.4880021
940;Süßenbrunner Platz;48.2772923;16.4957366
941;Breitenlee, Arnikaweg;48.2515124;16.4802497
942;Hasenleiten, Industriegebiet;48.1562455;16.4214909
943;Bettelheimstraße;48.2789663;16.4926374
945;Badeteich Süßenbrunn;48.2777407;16.4875889
946;Wagramer Straße, Ostbahn;48.2753492;16.4761713
947;Percostraße;48.2698066;16.4642237
949;Spitzweg;48.2648435;16.4560221
951;Campingplatzweg;48.2757498;16.4813276
952;Anton-Sattler-Gasse;48.2540246;16.4429336
953;Anton-Sattler-Gasse;48.2540545;16.4428438
956;Doningasse;48.2518653;16.4412897
957;Melangasse;48.2565247;16.4404633
958;Zehdengasse;48.2597842;16.4381905
959;Agavenweg;48.2511415;16.5065883
960;Schlachthausgasse U;48.1943029;16.4069381
966;Konstanziagasse;48.2276764;16.4575672
967;Erzherzog-Karl-Straße S;48.2292861;16.4535787
968;Konstanziagasse;48.2282329;16.4572438
969;Hartlebengasse;48.2254382;16.4649154
970;Zschokkegasse;48.2241096;16.4689938
975;Praterbrücke;48.2047692;16.4325132
977;Agavenweg;48.2510518;16.5063547
978;Strebersdorf, Edmund-Hawranek-Platz;48.2912443;16.3864116
979;Strebersdorfer Platz;48.2954698;16.388882
980;Tierquartier;48.2516021;16.4765306
981;Bernreiterplatz;48.2815309;16.4065878
982;Mitterhofergasse;48.2777646;16.4027071
983;Großjedlersdorf,  Jochbergengasse;48.2802097;16.4007488
984;Ödenburger Straße, Schulzentrum;48.2821466;16.4018537
985;Ödenburger Straße, Schulzentrum;48.2820091;16.4016381
986;Großjedlersdorf,  Jochbergengasse;48.2802217;16.4009374
987;Steinamangergasse;48.2837069;16.4027071
988;Steinamangergasse;48.283671;16.4028239
989;Anton-Böck-Gasse;48.2963662;16.3900229
990;Carabelligasse;48.280138;16.4121304
991;Sebaldgasse;48.2622063;16.4473174
992;Sebaldgasse;48.2625292;16.4466167
993;Schwanngasse;48.2798511;16.4194337
994;Marco-Polo-Promenade;48.2774298;16.4230809
995;Zehdengasse;48.2592639;16.4381816
996;Melangasse;48.2558488;16.4405351
997;Doningasse;48.2517935;16.4411011
998;Kagraner Platz U;48.2505673;16.4433469
999;Campingplatzweg;48.2757618;16.4798454
1000;Schwedenplatz U;48.2116478;16.3777968
1001;Karmeliterplatz;48.2154968;16.380348
1002;Taborstraße U;48.218741;16.380905
1003;Heinestraße, Taborstraße;48.2219431;16.3822614
1004;Seefeldergasse;48.2127433;16.5293965
1005;Arminenstraße;48.2364008;16.4371575
1006;Donaustadtstraße;48.2339476;16.4431133
1007;Erzherzog-Karl-Straße S;48.2296093;16.4529768
1008;Konstanziagasse;48.2277243;16.4574594
1009;Langobardenstraße;48.2248218;16.4549261
1010;Hardeggasse;48.2214164;16.4590135
1011;Donauspital U;48.2197705;16.4655622
1012;Hardeggasse;48.2214523;16.4590853
1013;Langobardenstraße;48.2242891;16.4551507
1014;Seefeldergasse;48.2128271;16.5294773
1015;Erzherzog-Karl-Straße S;48.2296751;16.4530487
1016;Donaustadtstraße;48.2336245;16.4440476
1017;Arminenstraße;48.2360777;16.4381277
1018;Kagraner Brücke;48.239153;16.4307435
1019;Taborstraße U;48.2192617;16.3808601
1020;Karmeliterplatz;48.2159817;16.3804019
1021;Donauspital U;48.2194413;16.4654634
1022;Marienbrücke;48.2131803;16.3774195
1023;Polgarstraße;48.2315002;16.4489164
1024;Aspernstraße U;48.2220807;16.4745184
1025;Aspernstraße, Oberdorfstraße;48.2194652;16.4816241
1026;Siegesplatz;48.2175379;16.4856575
1027;Lohwaggasse;48.2170531;16.4934908
1028;Saltenstraße;48.2164545;16.4983058
1029;Flugfeldstraße;48.2155986;16.504576
1030;Lannesstraße;48.2146887;16.5100108
1031;Kirschenallee;48.2144074;16.5191198
1032;Eßling, Schule;48.2139764;16.5264231
1033;Podlahagasse;48.2109654;16.5331604
1034;Englisch-Feld-Gasse;48.2097741;16.5363135
1035;Groß-Enzersdorf, Stadtmauer;48.2049189;16.549393
1036;Groß-Enzersdorf;48.1998118;16.549402
1037;Eßling, Stadtgrenze;48.208523;16.5396463
1038;Eßling, Stadtgrenze;48.2086127;16.5397181
1039;Heinrich-von-Buol-Gasse;48.2650947;16.4260273
1040;Polgarstraße;48.23159;16.4489793
1041;Groß-Enzersdorf, Stadtmauer;48.2053979;16.5490516
1042;Englisch-Feld-Gasse;48.2098759;16.5363854
1043;Podlahagasse;48.2110253;16.5332143
1044;Eßling, Schule;48.2140782;16.5266117
1045;Kirschenallee;48.214587;16.5193354
1046;Lannesstraße;48.2149042;16.5097863
1047;Flugfeldstraße;48.2156884;16.504603
1048;Saltenstraße;48.2165503;16.4983327
1049;Lohwaggasse;48.2174062;16.492314
1050;Siegesplatz;48.2176098;16.4856395
1051;Aspernstraße, Oberdorfstraße;48.2197106;16.4815881
1052;Aspernstraße U;48.2223979;16.4743567
1053;Zschokkegasse;48.2241994;16.4690656
1054;Hartlebengasse;48.225911;16.4643225
1055;Konstanziagasse;48.2277781;16.4588787
1056;St.-Michael-Gasse;48.2660574;16.4393224
1057;St.-Michael-Gasse;48.2659259;16.4393494
1058;Sorgenthalgasse;48.2662129;16.4319562
1059;Heinrich-von-Buol-Gasse;48.2649153;16.4255512
1060;Dunantgasse;48.2602028;16.3892234
1061;Bunsengasse;48.2632827;16.3910739
1062;Koloniestraße;48.2657046;16.3930053
1063;Lorystraße;48.1720578;16.4132623
1064;Haspingerplatz;48.2771668;16.4049439
1067;Kagraner Platz;48.2501486;16.4429516
1068;Afritschgasse;48.2467449;16.4517641
1069;Pogrelzstraße;48.2433888;16.4559053
1070;Hirschstetten, Ort;48.2349408;16.4659754
1071;Hirschstetten S;48.2324636;16.4682302
1072;Amongasse;48.2303274;16.4694789
1073;Haschafeld;48.2253664;16.4751113
1074;Gotthelfgasse;48.2276165;16.4724074
1075;Gotthelfgasse;48.2269523;16.4729733
1076;Großfeldsiedlung U;48.2702013;16.447524
1077;Siemensstraße, Heinrich-von-Buol-Gasse;48.2668288;16.4280306
1078;Hirschstetten, Süßenbrunner Straße;48.2362213;16.4620678
1079;Hirschstetten, Süßenbrunner Straße;48.2364008;16.4621306
1080;Aspern, Zachgasse;48.2171489;16.4871038
1081;Felmayergasse;48.2719353;16.4321179
1083;Amongasse;48.2302615;16.4692992
1084;Hirschstetten S;48.2329304;16.4678439
1085;Hirschstetten, Ort;48.2349648;16.4662
1086;Pogrelzstraße;48.2436161;16.4559412
1087;Afritschgasse;48.2473909;16.4516922
1088;Trillergasse;48.2740698;16.40277
1089;Jedlersdorf S;48.2728202;16.3966614
1090;Lokomotivgasse;48.2710683;16.3954038
1091;Koloniestraße;48.2663744;16.3932209
1092;Hopfengasse;48.2690652;16.3914781
1093;Obergfellplatz;48.2666853;16.38943
1094;Anton-Störck-Gasse;48.2649691;16.3863488
1095;Jedlesee, Bellgasse;48.2629598;16.38678
1096;Richard-Neutra-Gasse;48.2666554;16.431013
1097;Hertha-Kräftner-Gasse;48.2695137;16.431561
1098;Hertha-Kräftner-Gasse;48.2695196;16.4314801
1099;Richard-Neutra-Gasse;48.2666733;16.4308782
1100;Großfeldsiedlung U;48.2699741;16.4481618
1101;Dopschstraße;48.2692386;16.4391427
1102;Adolf-Loos-Gasse;48.2774358;16.4543153
1103;Leopoldau S U;48.2769754;16.4506322
1104;Bubergasse;48.2703747;16.4518719
1105;Oswald-Redlich-Straße;48.2748112;16.4538841
1106;Kürschnergasse;48.2762102;16.4460867
1107;Moritz-Dreger-Gasse;48.273155;16.442188
1108;Langfeldgasse;48.2698306;16.4429247
1109;Dopschstraße;48.2694419;16.4397806
1110;Sankt-Michael-Gasse;48.2668288;16.4393404
1111;Leopoldauer Platz;48.263504;16.4405082
1112;Eipeldauer Straße;48.2631571;16.4367442
1113;Serpentingasse;48.262577;16.4285157
1114;Edelsteingasse;48.2623737;16.4253895
1115;Töllergasse;48.2617458;16.4216256
1116;Hawlicekgasse;48.2604181;16.4159572
1117;Sebastian-Kohl-Gasse;48.258911;16.4098667
1118;Patrizigasse;48.2572603;16.4040096
1119;Kefedergrundgasse;48.2628342;16.4321089
1120;Floridsdorf S U;48.2559326;16.4004523
1122;Mitterhofergasse;48.2779679;16.4021591
1123;Leopoldauer Straße;48.2621823;16.4365017
1124;Bubergasse;48.2698724;16.4513419
1125;Floridsdorf S U;48.2570271;16.3991587
1126;Kefedergrundgasse;48.2627505;16.4326749
1127;Patrizigasse;48.2572065;16.4042971
1128;Sebastian-Kohl-Gasse;48.2588393;16.4099026
1129;Hawlicekgasse;48.2601669;16.4154542
1130;Töllergasse;48.2615185;16.4211315
1131;Edelsteingasse;48.2622481;16.4258657
1132;Serpentingasse;48.2624574;16.4279767
1133;Eipeldauer Straße;48.2630196;16.4364478
1134;Leopoldauer Platz;48.2631452;16.4405351
1135;Sankt-Michael-Gasse;48.2664222;16.4396278
1136;Dopschstraße;48.2690532;16.4389631
1137;Moritz-Dreger-Gasse;48.2731729;16.4423857
1138;Kürschnergasse;48.2761205;16.4461316
1139;Oswald-Redlich-Straße;48.2747813;16.4537044
1140;Doderergasse;48.2718635;16.4532822
1141;Uhlirzgasse;48.2684493;16.4487008
1142;Leopoldau S U;48.2768499;16.4506502
1143;Adolf-Loos-Gasse;48.2773461;16.4541266
1144;Langfeldgasse;48.2697648;16.4434726
1145;Ruthnergasse;48.2722701;16.4179964
1146;Scottgasse;48.2745959;16.4206824
1147;Justgasse;48.2760248;16.4214909
1148;Skraupstraße;48.2766466;16.4156877
1149;Berzeliusgasse;48.2758814;16.4102619
1150;Großjedlersdorf;48.2767782;16.408079
1152;Schippergasse;48.2835395;16.4176191
1153;Kollarzgasse;48.2854105;16.425686
1154;Allissen;48.2862772;16.431004
1155;Grellgasse;48.2858409;16.4349836
1156;Draugasse;48.2854643;16.4383343
1157;Dahliengasse;48.2867853;16.4446764
1158;Illgasse;48.2878074;16.4478025
1159;Achengasse;48.2844541;16.4509825
1160;Lavantgasse, Schule;48.282308;16.4503178
1164;Leopoldau S U;48.2775912;16.4488985
1165;Lafnitzgasse;48.2815309;16.4564353
1166;Pulkaugasse;48.2829656;16.4532553
1167;Kainachgasse;48.2819374;16.448611
1168;Achengasse;48.284466;16.4489524
1169;Illgasse;48.2879569;16.4476947
1170;Dahliengasse;48.2870902;16.4451794
1171;Draugasse;48.2855838;16.4393044
1172;Grellgasse;48.2860202;16.4350195
1173;Allissen;48.2864327;16.4303303
1174;Kollarzgasse;48.2855061;16.4256321
1175;Schippergasse;48.2837427;16.4179605
1177;Großjedlersdorf;48.2766227;16.4079892
1178;Skraupstraße;48.274004;16.4141157
1179;Berzeliusgasse;48.2755107;16.410729
1180;Bernreiterplatz;48.2815727;16.4061117
1181;Ratzenhofergasse;48.2839938;16.4192361
1182;Ratzenhofergasse;48.284203;16.4196313
1183;Strebersdorfer Platz;48.2953622;16.3886574
1184;Egon-Friedell-Gasse;48.2738725;16.4360346
1185;Obkirchergasse;48.2457937;16.3421427
1186;Sauerburggasse;48.2462244;16.3391692
1187;Daringergasse;48.2466731;16.3349921
1188;Bellevuestraße;48.2490838;16.3284883
1189;Karthäuserstraße;48.2505613;16.3240147
1190;Wexstraße;48.2359161;16.365957
1191;Sievering;48.2543296;16.316927
1192;Sievering;48.2542459;16.316891
1193;Obkirchergasse;48.245704;16.3418911
1194;Karthäuserstraße;48.2505553;16.3237542
1195;Bellevuestraße;48.2482882;16.3283895
1196;Daringergasse;48.2465774;16.334498
1197;Sauerburggasse;48.2461467;16.3391423
1198;Gürtelbrücke;48.2364786;16.3652114
1199;Jägerstraße U;48.2358683;16.370233
1201;Gürtelbrücke;48.2375855;16.3651755
1202;Döblinger Steg;48.2409658;16.3656606
1203;Heiligenstädter Brücke;48.2437119;16.3678974
1204;Muthgasse;48.2449861;16.3668374
1205;Geistingergasse;48.2455305;16.3628488
1206;Bahnhof Heiligenstadt S U;48.2489283;16.3645556
1207;Bahnhof Heiligenstadt S U;48.2497059;16.3648611
1208;Mooslackengasse;48.2487668;16.3682208
1209;;48.245351;16.3662714
1210;Heiligenstädter Brücke;48.2439811;16.3678794
1211;Döblinger Steg;48.2407445;16.3653192
1212;Schottentor U;48.2140183;16.3619236
1213;Schwarzspanierstraße;48.217095;16.3594532
1214;Hardtgasse;48.2367418;16.3491136
1215;Oberdöbling S;48.2447588;16.3443885
1216;Silbergasse;48.242976;16.3483141
1217;Sieveringer Straße;48.24638;16.3426367
1218;Paradisgasse;48.2489163;16.3418911
1219;An den langen Lüssen;48.2524634;16.3418642
1221;Grinzing;48.2551072;16.3418552
1222;An den langen Lüssen;48.2529778;16.341972
1223;Paradisgasse;48.2490539;16.3417384
1224;Sieveringer Straße;48.246362;16.3424571
1225;Silbergasse;48.2429042;16.3482871
1226;Oberdöbling S;48.244699;16.3443974
1227;Hardtgasse;48.2372743;16.3491585
1229;Börnergasse;48.2477858;16.3313449
1230;Nußdorfer Straße U;48.2314823;16.3521229
1231;Währinger Park;48.2323559;16.3468948
1232;Hardtgasse;48.2361674;16.3489788
1233;Krottenbachstraße S;48.2405351;16.3415588
1234;Flotowgasse;48.2405949;16.3390614
1235;Rodlergasse;48.2408043;16.3339231
1236;Kratzlgasse;48.2414863;16.3298268
1237;Gustav-Pick-Gasse;48.2420487;16.3263323
1238;Glanzing;48.2432572;16.3217329
1239;Strehlgasse;48.2465475;16.3146722
1240;Kleingartenverein Hackenberg;48.2478815;16.3119144
1241;Neustift, Agnesgasse;48.2501905;16.3081055
1242;Neustift am Walde;48.2510518;16.3015747
1243;Celtesgasse;48.2518294;16.2969844
1245;Kammerergasse;48.2446092;16.3188763
1246;Bahnhof Heiligenstadt S U;48.2487668;16.3645017
1247;Weitlofgasse;48.2302376;16.3481254
1248;Fröschelgasse;48.2520388;16.3209873
1249;Fröschelgasse;48.2519072;16.3209334
1250;Salmannsdorf;48.2522601;16.2933731
1251;Celtesgasse;48.2516978;16.2972628
1252;Neustift am Walde;48.2509382;16.3015478
1253;Neustift, Agnesgasse;48.2504836;16.3066502
1254;Kleingartenverein Hackenberg;48.2478755;16.3116538
1255;Strehlgasse;48.2465116;16.3146452
1256;Kammerergasse;48.2447947;16.3182115
1257;Glanzing;48.2431017;16.3218138
1258;Gustav-Pick-Gasse;48.2420368;16.3256226
1259;Kratzlgasse;48.2414325;16.3297998
1260;Rodlergasse;48.2407325;16.3343633
1261;Krottenbachstraße S;48.2403975;16.3408132
1262;Obersteinergasse;48.2405171;16.3449724
1263;Flotowgasse;48.2406069;16.3373457
1264;Glatzgasse;48.2327628;16.3533447
1265;Bernreiterplatz;48.281238;16.4060668
1266;Börnergasse;48.2476242;16.3313629
1268;Dänenstraße;48.2373342;16.3344621
1269;Nußdorfer Straße U;48.2311532;16.3524553
1270;Börse;48.2156465;16.3649689
1271;Berggasse;48.2178791;16.3619685
1272;Bauernfeldplatz;48.2206802;16.3602886
1273;Nußdorfer Straße / Alserbachstraße;48.2250312;16.3556982
1274;Währinger Straße, Volksoper U;48.2263538;16.3494909
1275;Sternwartestraße;48.228975;16.3500209
1276;Gymnasiumstraße;48.2302436;16.3451071
1278;Breitenlee, Schule;48.252595;16.5016026
1279;Cottagegasse;48.2339057;16.3418642
1280;Gregor-Mendel-Straße;48.234139;16.3378577
1281;Linneplatz;48.2364905;16.3378577
1282;Dänenstraße;48.2370171;16.335028
1283;Hugo-Wolf-Park;48.238806;16.3329439
1284;Döblinger Friedhof;48.2392727;16.3285332
1285;Felix-Dahn-Straße;48.2399847;16.3260718
1286;Oberdöbling S;48.2447109;16.3442986
1287;Breitenlee, Schule;48.2511834;16.5012253
1288;Oberdöbling S;48.2446332;16.3445412
1289;Silbergasse;48.2428863;16.3484219
1290;Peter-Jordan-Straße;48.2387342;16.3260538
1291;Borkowskigasse;48.2371307;16.3306263
1293;Linneplatz;48.2367179;16.337714
1294;Gregor-Mendel-Straße;48.234139;16.3377319
1295;Cottagegasse;48.233804;16.3417744
1296;Währinger Park;48.2331398;16.3469487
1297;Gymnasiumstraße;48.2298187;16.3454215
1298;Sternwartestraße;48.2291964;16.3496256
1299;Währinger Straße, Volksoper U;48.2256237;16.3492304
1301;Bauernfeldplatz;48.2206623;16.3602078
1302;Berggasse;48.2182562;16.3615014
1303;Schottentor U;48.2154669;16.3643041
1304;Egon-Friedell-Gasse;48.2740339;16.4362771
1305;Felmayergasse;48.2719951;16.4319472
1306;Siemensstraße, Heinrich-von-Buol-Gasse;48.2669006;16.4278869
1308;Bhf. Heiligenstadt S U;48.2499213;16.3651845
1309;Amtshaus Muthgasse;48.2517816;16.3696491
1310;Türkenschanzplatz;48.2352101;16.3270689
1311;Erndtgasse;48.2374778;16.3224336
1312;Scheibenbergstraße;48.2387522;16.3185709
1313;Pötzleinsdorf;48.2410496;16.311052
1314;Dunantgasse;48.2597423;16.3890796
1315;Pötzleinsdorf;48.2407624;16.3109801
1316;Scheibenbergstraße;48.2389376;16.3176905
1317;Erndtgasse;48.2371367;16.323314
1318;Türkenschanzplatz;48.2351802;16.3269881
1319;Carabelligasse, Ruthnergasse;48.2796478;16.4245541
1320;Pötzleinsdorf;48.2413607;16.3107286
1321;Khevenhüllerstraße;48.2434127;16.3073509
1322;Pötzleinsdorfer Friedhof;48.245351;16.3074497
1323;Neustifter Friedhof 1. Tor;48.2472354;16.3047009
1324;Neustifter Friedhof 2. Tor;48.247367;16.3012424
1325;Liechtensteinstraße - Schottentor U;48.2157363;16.3638999
1326;Neustifter Friedhof 3.Tor;48.2466731;16.2984845
1327;Neustifter Friedhof 2.Tor;48.2472414;16.3016915
1328;Neustifter Friedhof 1.Tor;48.2471277;16.3046021
1329;Pötzleinsdorfer Friedhof;48.2456801;16.3074138
1330;Khevenhüllerstraße;48.2437298;16.3069377
1331;Pötzleinsdorf;48.2407385;16.311043
1334;Marietta-Blau-Gasse;48.2410855;16.459274
1335;Marietta-Blau-Gasse;48.2420009;16.4584116
1336;Währinger Straße, Volksoper U;48.2246542;16.3492753
1337;Hildebrandgasse;48.2230563;16.3388997
1338;Vinzenzgasse;48.2248876;16.3347585
1339;Antonigasse;48.2258451;16.3299525
1340;Sommarugagasse;48.2259768;16.3315246
1341;Hildebrandgasse;48.2232238;16.3382799
1342;Michelbeuern U AKH;48.2220269;16.3431667
1343;Glanzing;48.2431854;16.3218407
1345;Schottentor U;48.2139884;16.3620134
1346;Landesgerichtsstraße;48.2145511;16.3568571
1347;Zimmermannplatz;48.2165024;16.3428703
1348;Hernals S;48.2236308;16.3150046
1349;Dornbach;48.2261982;16.3082762
1350;Dornbacher Straße;48.2281073;16.3023383
1351;Himmelmutterweg;48.2306086;16.2963286
1352;Neuwaldegg (End-Hst.);48.2333193;16.2911184
1353;Neuwaldegg (Anfang-Hst.);48.2336604;16.2913699
1354;Himmelmutterweg;48.2306625;16.2957806
1355;Dornbacher Straße;48.2283586;16.3017454
1356;Dornbach;48.2261444;16.3082223
1357;Hernals S;48.223571;16.3149596
1358;Ährengrubenweg;48.2536178;16.3122827
1359;Neustift, Agnesgasse;48.2508903;16.3075036
1360;Hernalser Gürtel;48.2152335;16.3416486
1361;Yppengasse;48.2148204;16.3361329
1362;Mayssengasse;48.2160056;16.3258921
1363;Wilhelminenstraße;48.216251;16.3199543
1364;Römergasse;48.2169154;16.3139715
1365;Sandleitengasse;48.2178312;16.3080067
1366;Römergasse;48.2168795;16.3132439
1367;Wilhelminenstraße;48.2161792;16.319029
1368;Mayssengasse;48.2159877;16.3249309
1369;Dornbach;48.225522;16.3085277
1370;Frauengasse;48.2136891;16.3287668
1371;Hernalser Gürtel;48.2151018;16.3401574
1372;Brünnlbadgasse;48.2152933;16.3453856
1373;Yppengasse;48.2146289;16.3351897
1374;Ährengrubenweg;48.2535341;16.3115371
1375;Ring, Volkstheater U;48.2067569;16.3596508
1376;Auerspergstraße;48.2069964;16.3560486
1377;Strozzigasse;48.2064216;16.3496795
1378;Schottenfeldgasse;48.2075471;16.3437417
1379;Thaliastraße U;48.2086307;16.3383518
1380;Brunnengasse;48.2090378;16.3357556
1381;Thaliastraße, Haberlgasse;48.2098639;16.3303478
1382;Feßtgasse;48.2105464;16.3258921
1383;Schuhmeierplatz;48.2114862;16.3199543
1384;Ottakring S U;48.2127673;16.3114382
1385;Maroltingergasse;48.2134377;16.3071174
1386;Joachimsthalerplatz;48.208942;16.3044494
1387;Ottakring S U;48.2125877;16.3117077
1388;Schuhmeierplatz;48.2116059;16.3183553
1389;Feßtgasse;48.2106422;16.3244728
1390;Thaliastraße, Haberlgasse;48.2098759;16.32971
1391;Brunnengasse;48.2090558;16.3350819
1392;Thaliastraße U;48.208511;16.3386662
1393;Schottenfeldgasse;48.2076369;16.3431039
1394;Strozzigasse;48.2064635;16.3490148
1395;Auerspergstraße;48.2067629;16.3552311
1396;Holbeingasse;48.1705001;16.3619056
1397;Starhemberg-Kaserne;48.1711112;16.3571176
1398;Starhemberg-Kaserne;48.1705481;16.3569469
1399;Holbeingasse;48.1705121;16.3613936
1401;Volkstheater U;48.2055835;16.3570367
1402;Kellermanngasse;48.205344;16.3518355
1403;Neubaugasse / Neustiftgasse;48.2055475;16.3483949
1404;Zieglergasse / Neustiftgasse;48.2057451;16.3453227
1405;Kaiserstraße / Neustiftgasse;48.2061043;16.3393938
1406;Thaliastraße >, Koppstraße;48.206254;16.3369324
1407;Kirchstetterngasse;48.2069425;16.331839
1408;Panikengasse;48.2080081;16.324904
1409;Possingergasse;48.2090019;16.3184541
1410;Pfenninggeldgasse;48.2076729;16.3134235
1411;Gutraterplatz;48.2079662;16.3095338
1413;Rankgasse;48.2108816;16.3061023
1415;Waidäckergasse;48.2074035;16.293993
1416;Schrekergasse;48.2064755;16.2885312
1417;Reichmanngasse;48.2068946;16.2847224
1418;Otto Wagner Areal;48.2068646;16.2798804
1419;Klinik Penzing;48.2052721;16.2728017
1420;Klinik Penzing;48.205332;16.2727748
1421;Otto Wagner Areal;48.2069006;16.2804823
1422;Reichmanngasse;48.2068407;16.2846954
1423;Schrekergasse;48.2063677;16.2885312
1424;Waidäckergasse;48.2073496;16.2945859
1426;Moeringgasse;48.2040388;16.3341297
1427;Schmelz, Gablenzgasse;48.2066132;16.3165946
1428;Brüßlgasse;48.2059367;16.3207717
1429;Camillo-Sitte-Gasse;48.2050027;16.327015
1430;Vogelweidplatz - Stadthalle;48.2042124;16.3324858
1431;Burggasse, Stadthalle U;48.2041226;16.3372019
1432;Kaiserstraße / Burggasse;48.2042903;16.3403999
1433;Zieglergasse / Burggasse;48.2042484;16.3453227
1434;Neubaugasse / Burggasse;48.2042184;16.3485746
1435;St.-Ulrichs-Platz;48.2041286;16.3536681
1436;Neilreichgasse / Troststraße;48.1701826;16.3644838
1438;Klinik Ottakring;48.2083793;16.3006405
1439;Klinik Ottakring;48.2081817;16.3001644
1440;Volkstheater U;48.204883;16.3572972
1441;Stiftgasse;48.2025061;16.3548808
1442;Neubaugasse, Westbahnstraße;48.2022007;16.3493921
1443;Zieglergasse;48.2018475;16.3454125
1444;Kaiserstraße, Westbahnstraße;48.2018714;16.3408491
1445;Urban-Loritz-Platz;48.201123;16.3375343
1446;Beingasse;48.1995244;16.3325487
1447;Schweglerstraße U;48.1985364;16.3289734
1448;Huglgasse;48.1978418;16.3252813
1449;Johnstraße U;48.1990753;16.3194961
1450;Hütteldorfer Straße U;48.1990513;16.3118335
1452;Breitensee S;48.1989076;16.3064885
1453;Leyserstraße;48.198243;16.3028953
1454;Hütteldorfer Straße /  Lützowgasse;48.1973149;16.2951967
1455;Seckendorfstraße;48.1968897;16.2874532
1456;Waidhausenstraße;48.1976203;16.2810482
1457;Hütteldorfer Straße / Hochsatzengasse;48.1979915;16.2778323
1458;Baumgarten;48.1989555;16.2722987
1459;Rettichgasse;48.201608;16.2623184
1460;Rosentalgasse;48.2021349;16.2611056
1461;Hütteldorf, Bujattigasse;48.2026558;16.2559493
1462;Hütteldorf, Bujattigasse;48.2029132;16.2553474
1463;Satzberggasse;48.2018475;16.2589766
1464;Rettichgasse;48.2015421;16.2623094
1465;Baumgarten;48.1990633;16.2712386
1466;Hochsatzengasse;48.1979915;16.2770507
1467;Waidhausenstraße;48.1975604;16.2802398
1468;Seckendorfstraße;48.1968418;16.2867885
1469;Lützowgasse;48.1971831;16.2946128
1470;Leyserstraße;48.1979915;16.3018802
1471;Breitensee S;48.1988238;16.3064616
1472;Hütteldorfer Straße U;48.1989555;16.3118335
1473;Johnstraße U;48.1990214;16.3194782
1474;Huglgasse;48.1978179;16.3251915
1475;Schweglerstraße U;48.1984645;16.3290183
1476;Beingasse;48.1992489;16.331857
1477;Urban-Loritz-Platz;48.2013865;16.337678
1478;Kaiserstraße, Westbahnstraße;48.2017876;16.3401843
1479;Zieglergasse;48.2017996;16.3446579
1480;Neubaugasse, Westbahnstraße;48.2017457;16.3487094
1481;Stiftgasse;48.2023444;16.354225
1482;Volkstheater U;48.2048291;16.3573601
1483;Ungargasse, Neulinggasse;48.1990274;16.387813
1484;Ziehrerplatz;48.1991711;16.3918375
1485;Rasumofskygasse;48.2053919;16.3949187
1486;Siebensterngasse;48.2022427;16.352087
1487;Siebensterngasse;48.2022127;16.3514223
1488;Ziehrerplatz;48.199225;16.3912266
1489;Ungargasse, Neulinggasse;48.1991052;16.3869506
1490;Karlsplatz U;48.2003387;16.369694
1491;Schwarzenbergplatz;48.1996441;16.3738622
1492;Lisztstraße;48.1991112;16.3784616
1493;Am Modenapark;48.1990573;16.3827645
1495;Rochusgasse U;48.202063;16.392107
1496;Geusaugasse;48.2040927;16.3946312
1497;Rasumofskygasse;48.2055715;16.3937958
1498;Rochusgasse U;48.2027935;16.3906786
1499;Am Modenapark;48.1991531;16.3827645
1500;Lisztstraße;48.1991771;16.3785604
1501;Schwarzenbergplatz;48.2000333;16.3740957
1502;Karlsplatz U;48.2006261;16.3696042
1503;Schlachthausgasse U;48.1944646;16.4067046
1506;Siebeckstraße;48.2413487;16.4348488
1507;Häußlergasse;48.2379325;16.4395919
1508;Donaustadtstraße;48.2334509;16.4439667
1509;Wiedgasse;48.2213206;16.4513329
1510;Langobardenstraße;48.2242832;16.4545758
1512;Donaustadtstraße;48.2333612;16.4449908
1513;Häußlergasse;48.2384889;16.4396728
1514;Bernoullistraße;48.2401522;16.4369778
1516;Kagran U;48.2437956;16.433654
1518;Kirsteweg;48.1322632;16.4185534
1519;Klederinger Straße;48.1313819;16.4233234
1520;Unterlaa, Stadtgrenze;48.1311361;16.4274647
1521;Klederinger Straße;48.1314778;16.4233594
1522;Kirsteweg;48.1324911;16.4178886
1523;Unterlaa;48.1329107;16.4145648
1527;Ottakring S U;48.2099896;16.3102255
1528;Ottakring S U;48.2102291;16.3098213
1530;Gutraterplatz;48.2081278;16.3093901
1531;Westbahnhof S U;48.1965364;16.3391872
1532;Staglgasse;48.1944346;16.3355939
1533;Mariahilfer Straße, Geibelgasse;48.1917818;16.3319378
1534;Rustengasse;48.1914045;16.3276798
1535;Anschützgasse;48.1904523;16.3233679
1536;Winckelmannstraße;48.190099;16.3206999
1537;Penzinger Straße;48.1902786;16.3157142
1538;Diesterweggasse;48.1937939;16.3067311
1539;Ameisgasse;48.1938418;16.2999218
1540;Lützowgasse;48.1943987;16.2958884
1541;Gusenleithnergasse;48.1946203;16.2903009
1542;Zehetnergasse;48.1946203;16.2863663
1543;Gruschaplatz;48.1953029;16.2831773
1544;Hochsatzengasse;48.1966382;16.2774011
1545;Baumgarten;48.1988058;16.2719393
1548;Westbahnhof S U, Gerstnerstraße;48.1954706;16.3381452
1549;Westbahnhof S U, Gerstnerstraße;48.1953628;16.3381991
1550;Urban-Loritz-Platz;48.2012847;16.337705
1551;Hochsatzengasse;48.1969975;16.2766016
1552;Gruschaplatz;48.1952251;16.2831323
1553;Zehetnergasse;48.1945664;16.2859081
1554;Gusenleithnergasse;48.1946143;16.289726
1555;Lützowgasse;48.1943208;16.2951518
1556;Ameisgasse;48.1939376;16.2990684
1557;Diesterweggasse;48.19374;16.3055723
1558;Linzer Straße, Reinlgasse;48.1933088;16.3110699
1559;Anschützgasse;48.1902247;16.3227031
1560;Rustengasse;48.1913147;16.3272845
1561;Mariahilfer Straße, Geibelgasse;48.1917339;16.3319917
1562;Staglgasse;48.1939017;16.3348663
1564;Kahlenberg;48.2761265;16.3369235
1565;Grinzinger Allee;48.255161;16.3418552
1566;Zouvalgasse;48.1380006;16.3214994
1567;Zouvalgasse;48.1378447;16.3211131
1568;Hetmanekgasse;48.1370774;16.3165137
1569;Museumsquartier U;48.2027516;16.3624446
1570;Burgring;48.2035718;16.3639448
1571;Getreidemarkt;48.2016499;16.3626153
1572;Stiegengasse;48.1986502;16.357441
1573;Haus des Meeres;48.1976203;16.353704
1574;Esterhazygasse;48.1949736;16.3506497
1575;Brückengasse;48.1912368;16.3472631
1576;Sonnenuhrgasse;48.1907457;16.3442537
1577;Gumpendorfer Straße U;48.1904822;16.3374804
1578;Stiegergasse;48.1881825;16.3335188
1579;Grimmgasse;48.1869608;16.3283535
1580;Weiglgasse;48.186859;16.3216701
1581;Hollergasse;48.1863978;16.3247333
1582;Rudolfsheim, Anschützgasse;48.1901469;16.3225684
1583;Hollergasse;48.1862421;16.3242392
1584;Grimmgasse;48.186853;16.3283715
1585;Stiegergasse;48.187949;16.3327822
1586;Gumpendorfer Straße U;48.1903086;16.3374624
1587;Sonnenuhrgasse;48.1907937;16.3436069
1588;Brückengasse;48.1915003;16.3479907
1589;Siebeneichengasse;48.1886557;16.3234847
1590;Haus des Meeres;48.1972849;16.353183
1591;Stiegengasse;48.1984406;16.3571176
1592;Getreidemarkt;48.201596;16.36275
1593;Hirschengasse;48.1930154;16.3490148
1594;Hirschengasse;48.1931711;16.3493022
1595;Unfallkrankenhaus Meidling;48.1735435;16.3444424
1596;Hietzing U;48.1878172;16.303551
1597;Dommayergasse;48.1865236;16.2988349
1598;Wenzgasse;48.1869967;16.2937145
1599;Fichtnergasse;48.1871524;16.289196
1600;Verbindungsbahn;48.187386;16.2824316
1601;Unter St. Veit, Hummelgasse;48.1856911;16.2820633
1602;Verbindungsbahn;48.1872962;16.2824316
1603;Fichtnergasse;48.1870866;16.2885851
1604;Wenzgasse;48.1869488;16.2932384
1605;Dommayergasse;48.1865356;16.2981701
1606;Rodaunbrücke;48.1388279;16.26787
1607;Rodaunbrücke;48.1388039;16.2679418
1608;Niederhofstraße U;48.1813487;16.3313449
1610;Hietzing U;48.1876316;16.30409
1611;Gloriettegasse;48.1830078;16.2911184
1612;Stadlergasse;48.1816602;16.2858093
1613;Jagdschloßgasse;48.1772995;16.2837162
1614;Preyergasse;48.173819;16.2850637
1615;Hofwiesengasse;48.1704582;16.2871478
1616;Speising, Hermesstraße;48.168577;16.2843271
1617;Riedelgasse;48.1630228;16.2793504
1618;Sillerplatz;48.1595953;16.2762782
1619;Franz-Asenbauer-Gasse;48.1547533;16.2711758
1620;Maurer Hauptplatz;48.1498869;16.2686335
1621;Maurer Lange Gasse;48.1474355;16.2681215
1622;Anton-Krieger-Gasse;48.143036;16.2703313
1623;Kaiser-Franz-Josef-Straße;48.1361182;16.2667381
1624;Rodaun;48.1332765;16.2623992
1625;Rodaun;48.1324311;16.2631538
1626;Kaiser-Franz-Josef-Straße;48.1356985;16.2668459
1627;Anton-Krieger-Gasse;48.1426224;16.2704391
1628;Maurer Lange Gasse;48.1474355;16.2682293
1629;Maurer Hauptplatz;48.1510976;16.2691545
1630;Franz-Asenbauer-Gasse;48.1547473;16.2713464
1631;Sillerplatz;48.1595594;16.276368
1632;Riedelgasse;48.1634542;16.2798265
1633;Speising, Hermesstraße;48.1677682;16.2836983
1634;Hofwiesengasse;48.1700748;16.2868154
1635;Preyergasse;48.1739269;16.2851176
1636;Jagdschloßgasse;48.1769281;16.2836803
1637;Stadlergasse;48.1816302;16.2858812
1638;Gloriettegasse;48.1829599;16.2921694
1639;Dommayergasse;48.1861582;16.29826
1640;Dörfelstraße;48.175712;16.3355939
1641;Maurer Berg;48.1445825;16.261986
1642;Rodauner Straße;48.1387679;16.2602972
1643;Lindauergasse;48.1449841;16.2580873
1644;Kaserngasse;48.1492816;16.2592821
1645;Gebirgsgasse;48.1518347;16.2643755
1646;Maurer Hauptplatz;48.1506001;16.2684539
1647;Karl-Schwed-Gasse;48.1494554;16.2769968
1648;Am Spiegeln;48.1523561;16.2819376
1649;Taglieberstraße;48.1500787;16.2842283
1650;Rudolf-Zeller-Gasse;48.1474475;16.2836713
1651;Bhf. Atzgersdorf S;48.1478012;16.2892858
1652;Atzgersdorf, Kirchenplatz;48.1475015;16.293427
1654;Leopoldigasse;48.141939;16.2917382
1655;Dr.-Neumann-Gasse;48.1381205;16.2880192
1656;Liesing S;48.1350271;16.2836264
1657;Knotzenbachgasse;48.1453317;16.2936426
1658;Dr.-Neumann-Gasse;48.1383843;16.2883695
1659;Scheugasse;48.1779883;16.3786322
1660;Liesing S;48.1350391;16.2832671
1661;Dr.-Neumann-Gasse;48.1380545;16.2881629
1662;Leopoldigasse;48.1414535;16.2917382
1663;Brunner Straße, Erlaaer Straße;48.146063;16.2959693
1664;Bhf. Atzgersdorf S, Knotzenbachgasse;48.1471119;16.2883695
1665;Bhf. Atzgersdorf S;48.1477472;16.2883515
1666;Rudolf-Zeller-Gasse;48.1475015;16.2836893
1667;Taglieberstraße;48.1500308;16.2841744
1668;Am Spiegeln;48.1524221;16.2820094
1669;Karl-Schwed-Gasse;48.1495093;16.2772214
1670;Speisinger Straße;48.1505222;16.2692444
1671;Maurer Hauptplatz;48.1507859;16.2684898
1672;Gebirgsgasse;48.1519906;16.2644025
1673;Kaserngasse;48.1490598;16.2590485
1674;Lindauergasse;48.14502;16.2589677
1675;Rodauner Straße;48.1391875;16.2601355
1676;Maurer Berg;48.1442528;16.2621567
1677;Rudolf-Waisenhorn-Gasse;48.143024;16.261456
1678;Oper, Karlsplatz >;48.2023265;16.3690203
1679;Bärenmühldurchgang;48.1996022;16.3665948
1680;Karlsplatz U;48.2013206;16.3689664
1681;Schleifmühlgasse;48.197237;16.3656875
1682;Preßgasse;48.195249;16.3633429
1683;Bhf. Meidling S U;48.1751609;16.3319198
1684;Margaretenplatz;48.1910691;16.3578093
1685;Hans-Mandl-Berufsschule;48.1814386;16.3381991
1686;Bacherplatz;48.1883263;16.3566774
1687;Reinprechtsdorfer Straße / Arbeitergasse;48.1867152;16.3535153
1688;Einsiedlerplatz;48.1854156;16.3497155
1689;Arbeitergasse, Gürtel;48.184074;16.3456191
1690;Wolfganggasse;48.1829599;16.3426098
1691;Dörfelstraße;48.1768083;16.3348034
1692;Aßmayergasse;48.1789408;16.3375253
1693;Aßmayergasse;48.1789827;16.337705
1694;Hans-Mandl-Berufsschule;48.1813667;16.3383518
1695;Wolfganggasse;48.1827323;16.3421966
1696;Arbeitergasse, Gürtel;48.1839482;16.3457719
1697;Einsiedlerplatz;48.185152;16.3492394
1698;Reinprechtsdorfer Straße / Arbeitergasse;48.1864158;16.3529763
1699;Bacherplatz;48.1883682;16.3567762
1700;Klimtgasse;48.1728905;16.3010447
1701;Margaretenplatz, Schönbrunner Straße;48.192171;16.3566415
1702;Schönbrunner Str. / Kettenbrückengasse;48.1950095;16.3611241
1703;Preßgasse;48.197231;16.3620493
1704;Bärenmühldurchgang;48.1995902;16.365984
1706;Bhf. Meidling S U, Eichenstraße;48.1749692;16.3343094
1707;Montecuccoliplatz;48.1754904;16.2972359
1709;Resselgasse;48.1987759;16.3676638
1710;Oper, Karlsplatz U;48.2020331;16.3703138
1711;Paulanergasse;48.1961831;16.3671068
1712;Mayerhofgasse;48.192704;16.3669362
1713;Johann-Strauß-Gasse;48.19062;16.3664601
1714;Laurenzgasse;48.1858827;16.3629207
1715;Kliebergasse;48.1830917;16.3641244
1716;Marx-Meidlinger-Straße;48.180588;16.3445232
1717;Flurschützstraße, Längenfeldgasse;48.1795338;16.3404628
1718;Aßmayergasse;48.1788809;16.3380374
1719;Wattmanngasse, Elisabethallee;48.1764968;16.2952596
1720;Wienerbergbrücke;48.1724532;16.3278774
1721;Sonnergasse;48.1681336;16.3193883
1722;Küniglberg, ORF-Zentrum;48.1755803;16.2913789
1723;Hetzendorf S;48.1658389;16.3137739
1724;Schloss Hetzendorf;48.1672589;16.3095877
1725;Rosenhügelstraße;48.1690743;16.3020688
1726;Atzgersdorfer Straße;48.1705541;16.2969035
1727;Wattmanngasse;48.1709195;16.291855
1728;Hofwiesengasse;48.1703324;16.2877766
1729;Küniglberg, ORF-Zentrum;48.1753526;16.2920706
1730;Klinik Hietzing;48.1689365;16.2794492
1731;Versorgungsheimplatz;48.1727707;16.2761165
1732;Wolkersbergenstraße;48.1756402;16.2740683
1733;Klimtgasse;48.1727886;16.300892
1734;Bhf. Atzgersdorf S, Knotzenbachgasse;48.1465665;16.2875161
1735;Wolkersbergenstraße;48.1751609;16.27423
1736;Versorgungsheimplatz;48.1730283;16.2757931
1737;Klinik Hietzing;48.16923;16.2788204
1738;Hermesstraße;48.1680977;16.2834917
1739;Wattmanngasse;48.1708296;16.2910195
1740;Atzgersdorfer Straße;48.1705061;16.2959154
1741;Rosenhügelstraße;48.1689484;16.3020598
1742;Schloss Hetzendorf;48.1672769;16.3086445
1743;Hetzendorf S;48.1656951;16.3138906
1744;Altmannsdorfer Straße;48.1653117;16.3162802
1745;Sonnergasse;48.1675345;16.3189392
1746;Wienerbergbrücke;48.1721716;16.3269791
1747;Südwestfriedhof 1. Tor;48.162142;16.3033534
1748;Aßmayergasse;48.1784795;16.3378757
1749;Flurschützstraße, Längenfeldgasse;48.1792163;16.3396633
1750;Marx-Meidlinger-Straße;48.1803664;16.3439393
1751;Laurenzgassse;48.1858408;16.3630105
1752;Johann-Strauß-Gasse;48.1894222;16.3657504
1753;Mayerhofgasse;48.192704;16.367008
1754;Paulanergasse;48.1961772;16.3672146
1755;Südwestfriedhof 2. und 8. Tor;48.1610454;16.3023203
1756;Karlsplatz U;48.2004105;16.369667
1757;Siebertgasse;48.1808096;16.345682
1758;Südwestfriedhof 3. und 7. Tor;48.1614229;16.2995086
1759;Südwestfriedhof 2. und 8. Tor;48.1609975;16.3023114
1761;Südwestfriedhof 3. und 7. Tor;48.1613271;16.2994817
1762;Flurschützstraße / Längenfeldgasse;48.1785035;16.3406245
1763;Clemens-Holzmeister-Straße;48.1686609;16.3477302
1764;Niederhofstraße U;48.1813846;16.3305993
1766;Meidling Hauptstraße U;48.1839182;16.3285961
1767;Rosasgasse;48.1818698;16.3245267
1768;Pohlgasse;48.1789288;16.3239787
1769;Theergasse;48.1749573;16.3227301
1770;Gatterhölzl;48.1757779;16.3195411
1771;Hohenfelsplatz;48.1742324;16.3164419
1772;Weißenthurngasse;48.1749393;16.3144296
1773;Gaßmannstraße;48.1743762;16.3127228
1774;Graf-Seilern-Gasse;48.1711172;16.3087074
1775;Edelsinnstraße;48.1706918;16.311052
1776;Schloss Hetzendorf;48.1675764;16.3091116
1777;Am Fasangarten;48.1711112;16.3053656
1779;Marschallplatz;48.1656472;16.3035241
1780;Südwestfriedhof 1. Tor;48.1617465;16.3033804
1781;Marschallplatz;48.1656232;16.3036139
1782;Schloss Hetzendorf;48.1676543;16.3093362
1783;Edelsinnstraße;48.17189;16.3119593
1784;Gaßmannstraße;48.1741785;16.3133876
1785;Weißenthurngasse;48.1747116;16.3146812
1786;Hohenfelsplatz;48.1739988;16.3167563
1787;Stranitzkygasse;48.1760295;16.317951
1788;Theergasse;48.1748854;16.3226941
1789;Pohlgasse;48.1783897;16.3240686
1790;Rosasgasse;48.1814565;16.3245806
1791;Rotenmühlgasse;48.1837026;16.3239608
1792;Meidling Hauptstraße U;48.1831097;16.3282367
1793;Graffgasse;48.1691761;16.3576835
1794;Niederhofstraße U;48.181163;16.3330248
1795;Hohenbergstraße;48.1742144;16.3254789
1796;Flurschützstraße / Längenfeldgasse;48.1785574;16.3404448
1797;Unfallkrankenhaus Meidling;48.1735555;16.3448825
1798;Gesundheitszentrum Süd;48.1701347;16.3453227
1799;Montecuccoliplatz;48.1749692;16.2973616
1801;Ruckergasse;48.1770778;16.326503
1802;Hohenbergstraße;48.1756042;16.3260898
1803;Altmannsdorfer Straße;48.1652338;16.3165856
1804;Sagedergasse;48.1618724;16.3175019
1805;Jungnickelweg;48.1572643;16.3188853
1806;Steinsee;48.1519127;16.3197477
1807;Mühlbreiten;48.1498569;16.3114023
1808;Schloss Alterlaa;48.1480349;16.3061741
1809;Josef-Österreicher-Gasse;48.1474056;16.3020329
1810;Brunner Straße, Erlaaer Straße;48.1458772;16.2968137
1811;Atzgersdorf, Friedhof;48.1439411;16.2978737
1814;Liesing, Industriegelände West;48.1332585;16.2975323
1815;Liesing, Friedhof;48.1336422;16.2940918
1816;Liesing, Feuerwache;48.1340379;16.2908219
1817;Pellmannbrücke;48.1365378;16.287597
1818;Liesing S;48.1347873;16.2830066
1819;Alterlaa U;48.1510736;16.3165317
1820;Am Fasangarten;48.1707218;16.3031019
1821;Pellmannbrücke;48.1362081;16.2882258
1822;Liesing-Feuerwache;48.1340319;16.2900404
1823;Liesing, Friedhof;48.1336122;16.2936157
1824;Liesing, Industriegelände West;48.1334503;16.2981791
1825;An den Steinfeldern;48.1371433;16.2985205
1826;Carlbergergasse;48.1411238;16.297155
1827;Atzgersdorf, Friedhof;48.1434855;16.2979905
1828;Brunner Straße, Erlaaer Straße;48.1462428;16.2980174
1829;Josef-Österreicher-Gasse;48.1472497;16.3015388
1830;Schloss Alterlaa;48.1480649;16.307324
1831;Mühlbreiten;48.1491737;16.3104771
1832;Hohenbergstraße;48.1741246;16.3262784
1833;Steinsee;48.1523801;16.3205831
1834;Jungnickelweg;48.1567729;16.3193704
1835;Sagedergasse;48.1612312;16.3181037
1836;Altmannsdorfer Straße;48.1654075;16.3168371
1837;Haschkagasse;48.1802945;16.327024
1838;Ruckergasse;48.1781082;16.326494
1839;Eduard-Kittenberger-Gasse;48.1367417;16.3026797
1840;Liesinger-Flur-Gasse;48.1365139;16.306255
1842;Wienerbergbrücke;48.1723813;16.327554
1844;Brunner Straße / Erlaaer Straße;48.1460929;16.2957716
1845;Graffgasse;48.1688286;16.3577195
1847;Bhf. Meidling S U, Schedifkaplatz;48.1731002;16.329701
1848;Bhf. Meidling < >, Schedifkaplatz;48.1735854;16.3297459
1850;Meidling Hauptstraße U;48.1835349;16.3285422
1851;Steinsee;48.151625;16.3204753
1852;Rossakgasse;48.1477113;16.3216701
1853;Goldhammergasse;48.1446304;16.3225145
1854;Meischlgasse;48.1413816;16.3235386
1855;Erlaaer Spitz;48.1378927;16.3239697
1856;Hetmanekgasse;48.137497;16.3175827
1863;Perfektastraße U;48.1367836;16.3127228
1865;Erlaaer Spitz;48.1377428;16.3239697
1866;Meischlgasse;48.1414895;16.3237721
1867;Goldhammergasse;48.144007;16.3230175
1868;Rossakgasse;48.1484245;16.3215802
1869;Laxenburger Straße / Sahulkastraße;48.1629329;16.3674662
1870;Clemens-Holzmeister-Straße;48.1679239;16.3471553
1872;Liesinger-Flur-Gasse;48.1367357;16.3064256
1873;Eduard-Kittenberger-Gasse;48.1368796;16.3037397
1874;An den Steinfeldern;48.1372932;16.2990864
1875;Davidgasse;48.1756102;16.3564079
1876;Troststraße;48.1729564;16.3538118
1877;Windtenstraße;48.1706859;16.3516468
1878;Stefan-Fadinger-Platz;48.1684212;16.3546472
1880;Stefan-Fadinger-Platz;48.1683972;16.3546562
1881;Windtenstraße;48.1703923;16.3517906
1882;Troststraße;48.1725969;16.3536052
1883;Davidgasse;48.1752747;16.3561654
1884;Knöllgasse;48.1771377;16.357944
1887;Hubermanngasse;48.1407282;16.3316683
1888;Hubermanngasse;48.1417412;16.3324409
1889;Otto-Probst-Platz;48.1539623;16.3487363
1890;Willendorfer Gasse;48.151607;16.3332134
1892;Neusteinhof;48.1573302;16.3329619
1893;Sterngasse;48.1483526;16.344119
1894;Wienerfeld;48.1539863;16.3645826
1895;Sindinggasse;48.1534529;16.3706282
1896;Gußriegelstraße;48.1672709;16.3585639
1897;Perfektastraße U;48.1367237;16.3140613
1898;Computerstraße;48.1578635;16.3416486
1899;Computerstraße, Gutheil-Schoder-Gasse;48.1599309;16.337139
1903;Inzersdorf, Kolpingstraße;48.1411717;16.3422954
1905;Richard-Strauss-Straße;48.1376769;16.3382709
1907;Brunner Straße / Erlaaer Straße;48.1463627;16.2963555
1908;Atzgersdorf, Kirchenplatz;48.1473576;16.295053
1909;Corvinusgasse;48.1443847;16.280626
1910;Liesing, Schulzentrum;48.1402306;16.2803296
1911;Liesing, Schulzentrum;48.1406023;16.2806889
1912;Corvinusgasse;48.1445585;16.2807787
1913;Liesing S;48.1347873;16.2832491
1914;Purkytgasse;48.1502225;16.3332314
1915;Schwarzenhaidestraße;48.1527697;16.3287398
1916;Computerstraße;48.1578755;16.3409389
1918;Breiteneckergasse;48.1441629;16.3294854
1919;Sobotagasse;48.1442948;16.330258
1920;Triesterstraße / Rossakgasse;48.146069;16.3326475
1921;Dobrowskygasse;48.1432698;16.3324588
1922;Inzersdorf, Zetschegasse;48.13866;16.3303388
1923;Traviatagasse;48.1434796;16.3416396
1924;Arthaberplatz;48.1731121;16.3722991
1925;Laxenburger Straße / Troststraße;48.1694098;16.3688496
1926;Neilreichgasse / Troststraße;48.1699549;16.3648251
1927;Sterngasse;48.1485504;16.345691
1928;Raxstraße, Rudolfshügelgasse;48.1660666;16.3651665
1929;Traviatagasse;48.144043;16.3406425
1930;Neilreichgasse / Troststraße;48.1697393;16.364358
1931;Laxenburger Straße / Troststraße;48.1691641;16.3699994
1932;Arthaberplatz;48.1718421;16.3719488
1933;Quellenplatz;48.1753346;16.37344
1934;Dobrowskygasse;48.1437313;16.3314168
1935;Kinskygasse;48.1461469;16.3310395
1936;Purkytgasse;48.1499289;16.3336446
1937;Speditionsstraße;48.1560777;16.4238894
1938;Reumannplatz U;48.1739568;16.3783897
1939;Troststraße;48.1684991;16.3805277
1940;Laxenburger Straße / Troststraße;48.1687148;16.3701791
1941;Laxenburger Straße / Raxstraße;48.1646586;16.3679962
1942;Sibeliusstraße;48.1589362;16.3665858
1943;Franz-Schreker-Gasse;48.1532851;16.3629117
1944;Oberlaaer Straße;48.1477772;16.3610612
1945;Siedlung Blumental;48.1459431;16.3612319
1946;Inzersdorf, Friedhof;48.1477592;16.3540453
1947;Pfarrgasse;48.1496712;16.3475954
1949;Schwarzenhaidestraße;48.1524341;16.3280122
1950;Alterlaa U;48.1506301;16.3171246
1951;Carlbergergasse;48.1412497;16.2973886
1952;Altmannsdorfer Straße;48.1652517;16.3159388
1953;Inzersdorf, Großmarkt;48.1356326;16.3578183
1955;Wienerfeld;48.1546455;16.3642322
1957;Wagner-Schönkirch-Gasse;48.1434196;16.3633339
1958;Wienerfeld;48.1542859;16.3642412
1961;Leopoldigasse;48.1414295;16.2929599
1962;Leopoldigasse;48.1418611;16.2912262
1963;Alterlaa U;48.1510316;16.3170437
1964;Steinsee;48.1519486;16.3210682
1965;Schwarzenhaidestraße;48.1522842;16.3287218
1966;Purkytgasse;48.1499109;16.3353784
1967;Pfarrgasse;48.1487841;16.3472002
1968;Inzersdorf, Friedhof;48.1477832;16.3499041
1969;Siedlung Blumental;48.1458232;16.3615912
1970;Oberlaaer Straße;48.1482147;16.3615103
1971;Wienerfeld;48.1547354;16.3647802
1972;Sibeliusstraße;48.1589302;16.3666667
1973;Selma-Lagerlöf-Gasse;48.1511995;16.3758025
1974;Laxenburger Straße / Raxstraße;48.1654974;16.3688586
1975;Kurt-Tichy-Gasse;48.1405183;16.3897264
1976;Kurt-Tichy-Gasse;48.1405903;16.3897983
1977;Selma-Lagerlöf-Gasse;48.1509417;16.3763685
1978;Josef-Enslein-Platz;48.1518108;16.3716344
1979;Stockholmer Platz;48.1497431;16.3820009
1980;Rothneusiedl;48.1467583;16.3823602
1981;Himberger Straße;48.1426703;16.3825489
1982;Franzosenweg;48.1400328;16.3831957
1984;Hämmerlegasse;48.1389538;16.3937778
1985;Bischofgasse;48.1380366;16.3978023
1986;Leopoldsdorfer Straße;48.1379466;16.3993204
1987;Oberlaaer Platz;48.1374671;16.4041174
1988;Johann-Friedl-Gasse;48.1370294;16.4073065
1989;Unterlaaer Straße;48.1358364;16.4120945
1990;Sebastianbrücke;48.1346854;16.4143582
1991;Unterlaa;48.1328208;16.4145648
1992;Sebastianbrücke;48.1345055;16.4145828
1993;Unterlaaer Straße;48.1359084;16.4121753
1994;Johann-Friedl-Gasse;48.1371014;16.4072885
1995;Oberlaaer Platz;48.1375929;16.4042522
1996;Leopoldsdorfer Straße;48.1380246;16.3998415
1997;Bischofgasse;48.1381025;16.3978023
1998;Hämmerlegasse;48.1387619;16.3946672
2000;Franzosenweg;48.1401347;16.3831957
2002;Rothneusiedl;48.1468062;16.3825758
2003;Stockholmer Platz;48.149851;16.381938
2004;Josef-Enslein-Platz;48.1519067;16.3714547
2005;Laxenburger Straße / Troststraße;48.1686549;16.3704665
2006;Ettenreichgasse, Schulzentrum;48.1685111;16.3742215
2007;Reumannplatz U;48.1740107;16.3776082
2008;Wagner-Schönkirch-Gasse;48.1436114;16.3634148
2009;Enkplatz, Grillgasse;48.1744481;16.4159932
2010;Schwarzenbergplatz;48.201626;16.3748054
2011;Zentralfriedhof 3.Tor;48.1522603;16.4485571
2012;Unteres Belvedere;48.197249;16.3797641
2013;Rennweg S;48.1945963;16.3860433
2014;Kleistgasse;48.1936442;16.3902115
2015;Oberzellergasse;48.1917039;16.39526
2016;St. Marx S;48.1886437;16.4000301
2017;Ettenreichgasse, Schulzentrum;48.1687867;16.373952
2018;Litfaßstraße;48.1833373;16.4061027
2019;Molitorgasse;48.1819776;16.4076837
2020;Zippererstraße U;48.1794919;16.4107201
2021;Hauffgasse;48.1779165;16.4123191
2023;Braunhubergasse;48.1720458;16.4184186
2024;Simmering S U;48.1701586;16.4202781
2025;Fickeysstraße;48.1669533;16.4236738
2026;Weißenböckstraße;48.1622259;16.4283989
2027;Zentralfriedhof 1.Tor;48.1591639;16.4330881
2028;Zentralfriedhof 2.Tor;48.1546455;16.4415592
2029;Zentralfriedhof 3.Tor;48.1529255;16.4476139
2030;Zentralfriedhof 2.Tor;48.1544477;16.4423408
2031;Zentralfriedhof 1.Tor;48.1592058;16.433142
2032;Weißenböckstraße;48.1618963;16.428866
2033;Fickeysstraße;48.1670312;16.4238355
2034;Simmering S U;48.1702425;16.4204308
2035;Braunhubergasse;48.1715785;16.4190295
2036;Enkplatz U, Grillgasse;48.1739628;16.416631
2038;Hauffgasse;48.1774972;16.4129658
2039;Zippererstraße U;48.179408;16.4105494
2040;Molitorgasse;48.1815943;16.4082317
2041;Litfaßstraße;48.1845232;16.404908
2043;St. Marx S;48.1886976;16.4001379
2044;Oberzellergasse;48.1917458;16.3953139
2045;Kleistgasse;48.1936921;16.3902924
2046;Rennweg S;48.1943807;16.3868249
2047;Unteres Belvedere;48.1970694;16.3801953
2050;Zentralfriedhof, 3.Tor;48.1523382;16.449653
2051;Zentralfriedhof, 4.Tor;48.151649;16.4526534
2052;Hauptwerkstätte;48.1497491;16.4579265
2053;Etrichstraße;48.1480769;16.461933
2054;Deutschstraße;48.1397091;16.358474
2055;Schwechat, Brauerei;48.1452298;16.4691465
2056;Schwechat, Wiener Straße;48.1433057;16.4723535
2057;Schwechat, Brauerei;48.1454576;16.4692094
2058;Simmering S U;48.1694876;16.4195774
2059;Etrichstraße;48.1486942;16.4611335
2060;Hauptwerkstätte;48.149851;16.4580703
2061;Zentralfriedhof 4.Tor;48.1517448;16.4527073
2064;Kornauthgasse;48.1609316;16.3667745
2065;Simmering S U;48.1696015;16.4199727
2066;Unter der Kirche;48.1722075;16.4270514
2067;Rohrhofergasse;48.1714826;16.4293152
2068;Lindenbauergasse;48.1697692;16.4319113
2069;Florian-Hedorfer-Straße;48.1659528;16.4313274
2070;Am Himmelreich;48.1639995;16.4376246
2071;Hörtengasse;48.1623577;16.4444787
2072;Luzegasse;48.1607818;16.4500124
2073;Klebindergraben;48.1604822;16.4535966
2074;Bleriotgasse;48.1707338;16.4255602
2075;Pantucekgasse;48.1597272;16.4573606
2077;Anton-Stilling-Platz;48.1669653;16.4195595
2078;Kronfußgasse;48.1395173;16.3593993
2079;Kronfußgasse;48.1393374;16.3596329
2082;Hasenleitengasse, Schemmerlstraße;48.1627232;16.4181851
2083;Unter der Kirche;48.172537;16.4269257
2084;Florian-Hedorfer-Straße;48.1653536;16.4316957
2085;Kaiserebersdorfer Friedhof;48.1587564;16.4535787
2086;Schloss Neugebäude;48.1607578;16.4478384
2087;Hörtengasse;48.1624416;16.4445326
2088;Am Himmelreich;48.1639455;16.4381546
2089;Florian-Hedorfer-Straße;48.1659348;16.431534
2090;Lindenbauergasse;48.1696314;16.432082
2091;Rohrhofergasse;48.1715186;16.429423
2092;Bleriotgasse;48.1711951;16.425677
2093;Adamovichgasse;48.1425504;16.3383338
2094;Lamezanstraße;48.1405603;16.3368785
2095;Inzersdorf, Slamastraße;48.1390677;16.3417384
2096;Pfarrgasse, Traviatagasse;48.1424665;16.3432027
2097;Anton-Stilling-Platz;48.1662823;16.4196134
2099;Simmering S U;48.1694637;16.4201613
2100;Praterstern S U;48.2181784;16.3916039
2101;Vivariumstraße;48.2142159;16.393131
2102;Kurzbauergasse;48.2122046;16.3964099
2103;Josef-Gall-Gasse;48.209822;16.3978113
2104;Wittelsbachstraße;48.2063318;16.3988533
2105;Friedensgasse;48.2035778;16.4024106
2106;Lukschgasse;48.2028055;16.4056176
2108;Stadionbrücke;48.197231;16.4116633
2109;Schlachthausgasse;48.1939616;16.407531
2111;Stadionbrücke;48.1972789;16.4111512
2112;Lukschgasse;48.2024582;16.4052852
2113;Friedensgasse;48.2029372;16.402734
2114;Wittelsbachstraße / Schüttelstraße;48.206272;16.3980358
2115;Josef-Gall-Gasse;48.2092413;16.3971465
2116;Kurzbauergasse;48.2115102;16.3956553
2117;Franzensbrücke;48.2135813;16.3919542
2127;Tenschertstraße;48.1408061;16.3525362
2128;Jochen-Rindt-Straße;48.1459371;16.3540543
2129;Kolbegasse;48.1445225;16.3600641
2131;Stadionbrücke;48.1971532;16.4117531
2135;Lusthaus, Aspernallee;48.1929675;16.4393853
2136;Lusthaus;48.1910931;16.4392236
2137;Kolbegasse;48.1446064;16.3607198
2138;Jochen-Rindt-Straße;48.1459251;16.3546113
2139;Lusthaus, Aspernallee;48.1928956;16.439538
2142;Tenschertstraße;48.1407941;16.3524014
2143;Deutschstraße;48.1396012;16.3583393
2144;Weißenböckstraße;48.1618124;16.4284618
2145;Weißenböckstraße;48.1618724;16.4284169
2146;Rustenschacherallee;48.2012009;16.4113938
2156;Geringergasse;48.1678341;16.4261262
2157;Jägerstraße U;48.2353357;16.370215
2158;Floridsdorfer Brücke;48.2484617;16.3876693
2159;Floridsdorfer Brücke;48.2487429;16.3880825
2160;Schottenring U;48.2168376;16.371302
2161;Obere Donaustraße;48.2195251;16.3712121
2162;Obere Augartenstraße;48.2224039;16.3749042
2163;Gaußplatz;48.225905;16.3703767
2164;Klosterneuburger Str. / Wallensteinstr.;48.2283765;16.3685442
2165;Gerhardusgasse;48.2313925;16.3665858
2166;Wexstraße;48.2359281;16.3662984
2167;Jägerstraße U;48.2361794;16.3698198
2168;Höchstädtplatz;48.2389795;16.3764673
2169;Friedrich-Engels-Platz;48.2442144;16.3797282
2170;Hubertusdamm;48.2505912;16.3921339
2171;Matthäus-Jiszda-Straße;48.2537315;16.3949906
2172;Floridsdorf S U;48.2571706;16.3996169
2173;Am Spitz;48.2583189;16.3972363
2174;Nordbrücke;48.2610521;16.3957182
2175;Koloniestraße;48.2656807;16.3934634
2176;Hopfengasse;48.2690473;16.3919003
2177;Winkeläckerstraße;48.2734838;16.3898791
2178;Autokaderstraße;48.2771668;16.3882173
2179;Rußbergstraße;48.2876879;16.383573
2180;Edmund-Hawranek-Platz;48.2911068;16.386232
2181;Edmund-Hawranek-Platz;48.2914654;16.3866542
2182;Rußbergstraße;48.2877477;16.3834203
2183;Autokaderstraße;48.2771488;16.3881095
2184;Winkeläckerstraße;48.273436;16.3897893
2185;Hopfengasse;48.268545;16.3920441
2186;Koloniestraße;48.2662906;16.3930592
2187;Nordbrücke;48.2610222;16.3955655
2188;Am Spitz;48.2582292;16.3975058
2189;Floridsdorf S U;48.2572185;16.3994552
2190;Matthäus-Jiszda-Straße;48.2538212;16.3949007
2191;Hubertusdamm;48.2506331;16.3920441
2192;Bahnsteggasse;48.2649212;16.4018447
2193;Jägerstraße U;48.2362452;16.3697389
2194;Wexstraße;48.2360119;16.3657684
2195;Gerhardusgasse;48.2320328;16.3661367
2196;Klosterneuburger Str. / Wallensteinstr.;48.2288912;16.3680591
2197;Gaußplatz;48.2265872;16.369685
2198;Obere Augartenstraße;48.2224518;16.3747874
2199;Obere Donaustraße;48.219555;16.3711223
2200;Carabelligasse;48.2806043;16.4110255
2201;Carabelligasse;48.2799407;16.410747
2202;Wallensteinplatz;48.2297349;16.3711493
2203;Brigittaplatz;48.2325055;16.3704306
2204;Jägerstraße U;48.2353238;16.3703138
2205;Floridsdorfer Markt;48.2616979;16.4001559
2206;Brünner Straße S;48.2686945;16.4042342
2207;Shuttleworthstraße;48.2712895;16.4057614
2208;Großjedlersdorf;48.2768021;16.4088516
2209;Brünner Straße / Hanreitergasse;48.2835933;16.4126963
2210;Anton-Schall-Gasse;48.2890328;16.4157955
2211;Van-Swieten-Kaserne;48.2935095;16.4182749
2212;Stammersdorf;48.2978662;16.4203141
2213;Bahnsteggasse;48.2649511;16.4017279
2214;Schottenring U;48.2168017;16.3712391
2216;Van-Swieten-Kaserne;48.2930134;16.4179515
2217;Anton-Schall-Gasse;48.2890328;16.4156698
2218;Brünner Straße / Hanreitergasse;48.2835156;16.4125077
2219;Großjedlersdorf;48.2768559;16.4087707
2220;Shuttleworthstraße;48.2717679;16.405941
2221;Brünner Straße S;48.2684134;16.4039108
2222;Floridsdorfer Markt;48.2625113;16.4004703
2223;Brigittaplatz;48.2330381;16.370224
2224;Wallensteinplatz;48.2301778;16.3709247
2225;Gaußplatz;48.2266052;16.3700623
2226;Empergergasse;48.2865343;16.4142415
2227;Empergergasse;48.286086;16.4140798
2228;Franz-Jonas-Platz;48.2555079;16.399006
2231;Tesarekplatz;48.1551249;16.3506856
2232;Otto-Probst-Straße;48.1563294;16.354782
2233;Schleiergasse;48.1665639;16.3812014
2234;Altes Landgut;48.1614829;16.3832226
2236;Stockholmer Platz;48.1493475;16.3822435
2237;Rothneusiedl;48.1468661;16.3841748
2240;Oberlaa U;48.1429461;16.3988084
2242;Reumannplatz U;48.175101;16.3779315
2243;Reumannplatz U;48.175095;16.3779315
2244;Otto-Probst-Platz;48.1539683;16.3493741
2246;Rothneusiedl;48.1468302;16.383016
2249;Altes Landgut;48.1610634;16.3832496
2250;Schleiergasse;48.1662823;16.3816236
2251;Troststraße;48.168553;16.3806265
2252;Otto-Probst-Straße;48.1562096;16.3554916
2253;Tesarekplatz;48.1557422;16.3507395
2254;Raxstraße, Rudolfshügelgasse;48.1653716;16.3633788
2255;Sahulkastraße;48.1623996;16.362211
2256;Wienerfeldgasse;48.1583489;16.3602707
2257;Frödenplatz;48.1555624;16.3592646
2258;Wienerfeldgasse;48.1583309;16.3603695
2259;Sahulkastraße;48.1620401;16.3620763
2260;Raxstraße, Rudolfshügelgasse;48.1653656;16.3634777
2261;Frödenplatz;48.1554845;16.358519
2262;Klinik Penzing;48.2053979;16.2735473
2263;Otto Wagner Areal;48.206703;16.2802667
2264;Raimannstraße;48.2046734;16.2812279
2265;Baumgartner Friedhof, 5. Tor;48.2036916;16.2787755
2266;Tinterstraße;48.2000992;16.2795481
2267;Waidhausenstraße;48.1973268;16.280653
2268;Gruschaplatz;48.1958418;16.2807877
2269;Unter St. Veit U;48.1914764;16.2872556
2270;Zehetnergasse;48.1947819;16.2862675
2271;Seckendorfstraße;48.1969496;16.2866447
2272;Baumgartner Friedhof, 3. Tor;48.2013565;16.2791708
2273;Baumgartner Friedhof, 5. Tor;48.2036916;16.2789103
2274;Niederpointenstraße;48.2032964;16.2752451
2275;An der Niederhaid;48.2041166;16.2698732
2276;Friedjunggasse;48.1650181;16.4191193
2277;Friedjunggasse;48.16503;16.4189666
2278;7. Haidequerstraße;48.1787611;16.4418107
2281;Baumgartner Friedhof, 3. Tor;48.2014883;16.2789731
2293;Schwechat, Wiener Straße;48.1432638;16.4730182
2294;Hackinger Straße;48.1936442;16.2742839
2295;Hochsatzengasse;48.1966562;16.2768262
2296;Ober St. Veit U;48.1919974;16.2766285
2297;Pantucekgasse, Widholzgasse;48.1547773;16.4554651
2298;Leberberg;48.1551189;16.4593638
2299;Svetelskystraße;48.1542859;16.4654275
2300;Kaiserebersdorf, Zinnergasse;48.1594635;16.4702873
2305;Liesing;48.1346794;16.2828988
2311;Zinnergasse, Kaiserebersdorf;48.1595654;16.4698472
2312;Svetelskystraße;48.1546575;16.4664605
2313;Leberberg;48.155041;16.4593369
2314;Pantucekgasse, Widholzgasse;48.1547653;16.4554831
2315;Svetelskystraße;48.1542619;16.4666671
2316;Mehlführergasse;48.1382764;16.2820274
2317;Schartlgasse;48.1377128;16.281183
2318;Löwenthalgasse;48.1360343;16.2782096
2319;Maireckergasse;48.1358904;16.2631269
2320;Korbgasse;48.1369875;16.2746972
2321;Pumgasse;48.1360582;16.2719483
2322;Brunner Straße / Erlaaer Straße;48.1457813;16.295592
2323;Gerbergasse;48.1506301;16.3000476
2324;Rodaun;48.1335523;16.2617884
2325;Willergasse, Schule;48.1340918;16.2573058
2326;Willerbrücke;48.1374371;16.2578178
2327;Kunerolgasse;48.154214;16.3021137
2328;Gregorygasse;48.1574081;16.3058148
2329;Kirchfeldgasse;48.1596193;16.3088601
2330;Altmannsdorfer Straße;48.1653057;16.3162622
2331;Bhf. Meidling S U, Eichenstraße;48.1749153;16.3340399
2333;Willerbrücke;48.1368855;16.2575753
2334;Willergasse, Schule;48.1340738;16.2571081
2336;Maireckergasse;48.1357945;16.2630101
2337;Kaiser-Franz-Josef-Straße;48.1358604;16.2671154
2338;Pumgasse;48.1359503;16.2719483
2339;Korbgasse;48.1368196;16.275335
2340;Steinergasse;48.1422627;16.2888905
2341;Dreherstraße, Hoefftgasse;48.155017;16.4719941
2342;Steinergasse;48.1422148;16.2888726
2343;Floridsdorf S U;48.2572065;16.400596
2344;Rudolf-Waisenhorn-Gasse;48.142976;16.2616087
2345;Floridsdorf S U;48.2572962;16.4007038
2346;Kaiser-Franz-Josef-Straße;48.1359383;16.2663698
2347;Rodaun;48.1342237;16.2613931
2348;Arsenal;48.1835409;16.3843186
2349;Arsenalsteg;48.1804562;16.3885856
2350;Arsenalsteg;48.1806778;16.3885227
2351;Kaiserebersdorfer Friedhof;48.1577497;16.4532104
2352;Pantucekgasse;48.1602365;16.457136
2353;Kaiserebersdorf, Dreherstraße;48.156695;16.4737189
2354;Halterlacken;48.1600747;16.4613761
2355;Mühlsangergasse;48.1600328;16.4655173
2356;Kaiserebersdorf, Zinnergasse;48.1600507;16.4696585
2357;Wildholzgasse;48.15585;16.4515485
2358;Kaiserebersdorf, Sängergasse;48.1528536;16.469425
2359;Floridsdorf S U;48.2571527;16.3996708
2360;Kaiserebersdorf, Münnichplatz;48.1586186;16.4737998
2361;Hoefftgasse;48.1560058;16.4682032
2362;Valiergasse;48.1571444;16.4691644
2363;Kaiserebersdorf, Zinnergasse;48.1601766;16.4697933
2364;Mühlsangergasse;48.1599069;16.4655263
2365;Halterlacken;48.1601766;16.4613311
2366;Pantucekgasse;48.1599728;16.4575672
2367;Kaiserebersdorfer Friedhof;48.1577736;16.4529948
2368;Widholzgasse;48.155904;16.4514227
2370;Hoßplatz;48.2549756;16.4078544
2371;Fultonstraße;48.2531872;16.4145289
2372;Carminweg;48.2531453;16.4207632
2373;Josef-Baumann-Gasse;48.2514107;16.4296386
2374;Saikogasse;48.2505912;16.4359537
2375;Kagraner Platz U;48.2500589;16.4429157
2376;Saikogasse;48.2507168;16.4359807
2377;Josef-Baumann-Gasse;48.251303;16.4308333
2378;Carminweg;48.2531752;16.4213561
2379;Fultonstraße;48.2532949;16.4145738
2380;Hoßplatz;48.2550234;16.4078634
2382;Pasettistraße;48.2377171;16.3816596
2383;Brigittagasse;48.2334928;16.3748054
2385;Wasnergasse;48.2294896;16.3771231
2386;Karl-Meißl-Straße;48.2283646;16.3736466
2387;Gaußplatz;48.2263;16.3704396
2388;Obere Augartenstraße;48.2223321;16.3748683
2389;Leopoldsgasse;48.2204288;16.3760181
2390;Tandelmarktgasse;48.2169932;16.377716
2391;Karmeliterplatz;48.2156944;16.3798629
2392;Glockengasse;48.2177534;16.3819201
2393;Praterstraße;48.2162211;16.3867171
2394;Traisengasse S;48.2345519;16.3850372
2395;Nestroyplatz U;48.2148204;16.3842108
2396;Karmeliterplatz;48.2163229;16.380339
2397;Tandelmarktgasse;48.2169992;16.3776171
2398;Leopoldsgasse;48.2201236;16.3762786
2399;Obere Augartenstraße;48.2224937;16.3758025
2400;Karl-Meißl-Straße;48.2284603;16.3736017
2401;Wasnergasse;48.2295734;16.3770422
2402;Brigittagasse;48.233044;16.3746976
2403;Hardeggasse U;48.2213446;16.4589506
2404;Donauspital U;48.2193994;16.4646998
2405;Kapellenweg;48.2187111;16.4698112
2406;Oberdorfstraße;48.2177654;16.480088
2408;Donauspital;48.2199979;16.4643135
2409;Am Bahnhof;48.2237924;16.4508388
2411;Hardeggasse U;48.2213805;16.4590045
2412;Emil-Behring-Weg;48.1615368;16.2956189
2413;Am Rosenhügel;48.1622199;16.2911273
2414;Am Rosenhügel;48.1618244;16.2909926
2415;Am Rosenhügel;48.1622858;16.2918819
2418;Ernst-Happel-Stadion;48.2087923;16.4192361
2420;Stadion U;48.211157;16.4218681
2422;Stadion U;48.2110253;16.4213112
2424;Ernst-Happel-Stadion;48.2088103;16.4192002
2425;Emil-Behring-Weg;48.1615128;16.2957626
2426;Donauspital;48.219974;16.4644034
2429;Praterbrücke;48.2046974;16.4324054
2430;Klaschkaweg;48.1994645;16.4143313
2431;Klaschkaweg;48.1994166;16.4144391
2432;Stammersdorf, Freiheitsplatz;48.3011052;16.416092
2433;Josef-Flandorfer-Straße;48.2986192;16.415571
2434;Dattlergasse;48.295912;16.4142864
2435;Kummergasse;48.2940952;16.4132443
2436;Gschweidlgasse;48.2897799;16.410747
2437;Toni-Fritsch-Weg;48.284998;16.4093816
2438;Toni-Fritsch-Weg;48.2849442;16.4094894
2439;Gschweidlgasse;48.2894213;16.4108189
2440;Kummergasse;48.2943581;16.413397
2441;Dattlergasse;48.2959598;16.4143133
2442;Josef-Flandorfer-Straße;48.2989539;16.4157776
2443;Brünner Straße / Hanreitergasse;48.2842927;16.4126245
2444;Großjedlersdorf;48.277089;16.4079083
2445;Jedlersdorfer Platz;48.2813097;16.4084204
2448;Brünner Straße / Hanreitergasse;48.2841851;16.4125526
2450;Jungbauerweg;48.1553886;16.3450891
2451;Grohnergasse;48.1569167;16.3432476
2452;Hervicusgasse;48.1677382;16.304656
2453;Hervicusgasse;48.1677023;16.3047907
2454;Zentralfriedhof 4.Tor;48.1517988;16.4535966
2455;Zentralfriedhof 4.Tor;48.151613;16.4528421
2456;Leberweg;48.1505102;16.4559862
2457;Leberweg;48.1506121;16.456076
2458;Mantlergasse;48.1915662;16.2815782
2459;Allerheiligenplatz;48.2376453;16.3862859
2460;Obachgasse;48.2625531;16.4650142
2461;Lichtblaustraße;48.2678693;16.4654814
2462;Bettelheimstraße;48.2796597;16.4918649
2463;Stallarngasse;48.2827265;16.4878494
2464;Bhf. Süßenbrunn S;48.2851535;16.4844089
2465;Stallarngasse;48.2826846;16.4877506
2466;Bettelheimstraße;48.2793369;16.4921434
2467;Lichtblaustraße;48.2684194;16.4654993
2468;Obachgasse;48.2626069;16.4647986
2469;Brachlessing-Mühle;48.2623976;16.4540727
2470;Lieblgasse;48.2581574;16.4619869
2471;Maculangasse / Wagramer Straße;48.2624156;16.4540368
2472;Franz-Eduard-Matras-Gasse;48.2566503;16.4509197
2473;Theodor-Kramer-Straße;48.2557352;16.4538841
2474;Hochmuthgasse;48.2549277;16.4564623
2475;Hochmuthgasse;48.2550115;16.4565252
2476;Theodor-Kramer-Straße;48.2556694;16.4543422
2477;Franz-Eduard-Matras-Gasse;48.2565546;16.4514407
2478;Schillingstraße;48.2606334;16.471024
2479;Rudolf-Hausner-Gasse;48.265585;16.4735752
2481;Genochplatz;48.2291964;16.456058
2482;Miriam-Makeba-Gasse;48.2316379;16.4580613
2483;Hirschstetten, Süßenbrunner Straße;48.2362632;16.4626427
2484;Süßenbrunner Straße / Oberfeldgasse;48.2431974;16.4690297
2485;Jakob-Bindel-Platz;48.2466851;16.4725421
2486;Korianderweg;48.2489403;16.4748059
2487;Korianderweg;48.249036;16.4751832
2488;Jakob-Bindel-Platz;48.2464876;16.4721199
2489;Süßenbrunner Straße / Oberfeldgasse;48.2432692;16.468868
2490;Hirschstetten, Süßenbrunner Straße;48.236311;16.4625259
2491;Miriam-Makeba-Gasse;48.2316678;16.4579445
2492;Genochplatz;48.2293759;16.4559412
2493;Schillingstraße;48.2606693;16.4708623
2494;Höchstädtplatz;48.2398471;16.3764314
2495;Lorenz-Müller-Gasse;48.2421205;16.3736376
2496;Lorenz-Müller-Gasse;48.2420368;16.3737184
2497;Höchstädtplatz;48.2391949;16.3765481
2498;Spittelau S U;48.2361854;16.3566325
2499;Spittelau S U;48.233068;16.3563091
2500;Rennweg S;48.1950394;16.3866093
2501;Klinik Landstraße;48.1965784;16.3908314
2502;Eslarngasse;48.1967161;16.3955026
2503;Wällischgasse;48.1957041;16.4073514
2504;Ludwig-Koeßler-Platz;48.1959257;16.4094175
2505;Ludwig-Koeßler-Platz;48.1955185;16.409148
2507;Würtzlerstraße;48.1943807;16.4090672
2508;Nottendorfer Gasse;48.1920393;16.4124358
2509;Erdberg;48.1907757;16.4146277
2510;Modecenterstraße;48.1882604;16.4186881
2511;Kappgasse;48.1862181;16.4227575
2512;Ravelinstraße;48.1733278;16.4271413
2513;Ravelinstraße;48.1733817;16.427294
2514;Kappgasse;48.1863319;16.4227754
2515;Modecenterstraße;48.188494;16.4186791
2516;Erdberg;48.1908236;16.4146906
2517;Nottendorfer Gasse;48.1917938;16.4131455
2518;Guglgasse;48.1851281;16.428336
2519;Guglgasse;48.1852239;16.4282821
2520;Wachthausgasse;48.1763231;16.4258836
2523;Wällischgasse;48.1955364;16.4077466
2524;Kardinal-Nagl-Platz;48.1979616;16.4013955
2525;Apostelgasse;48.2004105;16.3982964
2526;Kundmanngasse;48.2025899;16.3938048
2528;Kundmanngasse;48.2025061;16.3938766
2531;Wachthausgasse;48.176341;16.4259914
2534;Wexstraße;48.2362153;16.365427
2535;Aspernallee, Schule;48.1968299;16.4440476
2536;Wehlistraße;48.2035359;16.4338966
2537;Aspernallee, Schule;48.1968658;16.4439218
2538;Süßenbrunner Straße / Breitenleer Straße;48.251004;16.4769528
2539;Gewerbepark Stadlau;48.2454826;16.4631278
2540;Hilde-Hannak-Gasse;48.2439093;16.461394
2541;Gewerbepark Stadlau;48.245692;16.4631457
2542;Niedermoserstraße;48.2647658;16.4594716
2544;Niedermoserstraße;48.2650349;16.4593459
2545;Alterlaa U;48.1503184;16.3171156
2546;Traviatagasse;48.1441569;16.3409838
2547;Inzersdorf, Slamastraße;48.1389238;16.341451
2548;Richard-Strauss-Straße;48.1377968;16.3381362
2549;Lamezanstraße;48.1406862;16.3371121
2550;Adamovichgasse;48.1427782;16.3389357
2551;Frödenplatz;48.1554185;16.3610612
2552;Obachgasse;48.2615424;16.4641518
2553;Grundäckergasse;48.1394993;16.3924214
2554;Grundäckergasse;48.1395412;16.3924573
2555;Kagran U;48.2435922;16.4332318
2556;Prandaugasse;48.246703;16.4302584
2558;Josef-Baumann-Gasse;48.2508963;16.4302854
2559;Veterinärmedizinische Universität;48.2537674;16.4316508
2560;Vorwärtsplatz;48.2581156;16.434723
2561;Zehdengasse;48.2593297;16.4371126
2562;Vorwärtsplatz;48.2581574;16.4346063
2563;Veterinärmedizinische Universität;48.2538033;16.4314981
2564;Josef-Baumann-Gasse;48.251626;16.4303213
2566;Prandaugasse;48.2466851;16.4300338
2567;Bhf. Meidling S U, Eichenstraße;48.1747416;16.3332853
2568;Schlachthausgasse;48.1941172;16.4073693
2569;Martin-Luther-King-Park;48.1756162;16.3518175
2570;Martin-Luther-King-Park;48.1755383;16.3518624
2571;Heizwerkstraße;48.1384382;16.364376
2572;Südrandstraße, Heizwerkstraße;48.1423047;16.3670529
2573;Südrandstraße, Heizwerkstraße;48.1422148;16.3669811
2574;Heizwerkstraße;48.1385941;16.3644299
2575;Simmering S U, Kaiserebersdorfer Straße;48.169254;16.421958
2576;Simmering S U, Kaiserebersdorfer Straße;48.1691641;16.4220298
2577;Johannes-von-Gott-Platz;48.2158919;16.3825399
2578;Antonsplatz;48.1702545;16.3785065
2579;Reumannplatz U;48.1731361;16.3774734
2580;Rudolf-Hausner-Gasse;48.2655611;16.473683
2581;Hermann-Gebauer-Straße;48.2671756;16.4745274
2582;Hilde-Hannak-Gasse;48.2439153;16.4612233
2583;Hermann-Gebauer-Straße;48.2671756;16.4744016
2584;Gottschalkgasse;48.1749033;16.414466
2586;Grillgasse;48.1739089;16.4158764
2587;Lorystraße;48.1717103;16.4145918
2588;Simmering S U;48.169901;16.42035
2590;Langobardenstraße, Kapellenweg;48.2188368;16.4698561
2591;Trondheimgasse;48.217909;16.4768271
2592;Oberdorfstraße;48.2174362;16.4803305
2593;Trondheimgasse;48.2178552;16.4775817
2594;Langobardenstraße, Kapellenweg;48.2187829;16.4707275
2595;Oberdorfstraße;48.21749;16.4803485
2596;Polgarstraße;48.2310634;16.4499495
2597;Kaiserebersdorf, Münnichplatz;48.1586485;16.4739615
2598;Dr.-Hertha-Firnberg-Straße;48.1665759;16.3463378
2599;Wienerberg City;48.167858;16.3447478
2600;Gasometer U;48.1854755;16.4175023
2601;Polgarstraße;48.2310095;16.4498956
2602;Dückegasse;48.2475225;16.4277072
2603;Franzsosengraben;48.1878771;16.4138103
2604;Franzosengraben;48.1877873;16.4140259
2606;Enkplatz U;48.1759217;16.4148254
2607;Clemens-Holzmeister-Straße;48.1691521;16.3476493
2608;Belgradplatz;48.1739988;16.3614475
2609;Altmannsdorfer Straße;48.1644069;16.3154897
2610;Karlsplatz / Lothringerstraße;48.200638;16.3695772
2611;Karlsplatz U;48.2005602;16.3674662
2612;Halban-Kurz-Straße;48.1332045;16.3627321
2613;Halban-Kurz-Straße;48.1331925;16.3628129
2614;Siemensstraße S;48.2713194;16.4211675
2615;Eßling, Stadtgrenze;48.2081159;16.5406434
2616;Mühlweg;48.2936051;16.3926549
2617;Mühlweg;48.2938501;16.3925831
2618;Johnstraße U;48.1989076;16.3202148
2619;Viehmarktgasse;48.1906919;16.4013776
2620;Viehmarktgasse;48.1907338;16.4013057
2621;Akademietheater;48.2002009;16.3767997
2622;Akademietheater;48.2002548;16.3768805
2624;Zwerchäckerweg;48.2493291;16.4667929
2625;Zwerchäckerweg;48.2499631;16.4675834
2627;Undsetgasse;48.1522363;16.3673135
2628;St. Marx S;48.1891288;16.3999313
2629;Absbergbrücke;48.1673428;16.3871932
2631;Konstanziagasse;48.2278499;16.4578008
2632;Stadionbad;48.2042184;16.4163794
2633;Stranitzkygasse;48.1761134;16.317996
2634;Kagran U;48.2437657;16.4335912
2635;Schmerlingplatz, Volkstheater U;48.2065533;16.3581057
2636;Brüßlgasse;48.2085529;16.3214095
2637;Kagran U Ausstiegstelle 26A;48.2436461;16.4334564
2638;Kagran U 26A;48.2432632;16.4337349
2639;Ziegelofengasse;48.1928238;16.3606749
2640;Am Heumarkt;48.1986202;16.3767817
2641;Am Heumarkt;48.1986621;16.3768626
2643;Stachegasse;48.1619862;16.3117706
2644;Stachegasse;48.1619502;16.3118245
2645;Fasangasse;48.1886497;16.385154
2646;Tinterstraße;48.2001171;16.2796199
2647;Adalbert-Stifter-Straße, Jägerstraße;48.2408103;16.3712481
2648;Adalbert-Stifter-Straße, Jägerstraße;48.2407505;16.3713289
2654;Zinnergasse, Kaserne;48.1673787;16.4753538
2655;Weinzierlgasse;48.1921111;16.2957626
2656;Phillipsgasse;48.1896378;16.3086086
2657;Phillipsgasse;48.1895241;16.3090577
2660;Hanuschkrankenhaus;48.198728;16.2936247
2661;Simmering SU;48.1694397;16.4197122
2663;Leopoldau S U;48.2782309;16.4515665
2664;Kagraner Friedhof;48.2533965;16.4459789
2665;Kagraner Friedhof;48.2537195;16.4458621
2666;Anton-Sattler-Gasse;48.2543296;16.442745
2667;Anton-Sattler-Gasse;48.2542818;16.442718
2668;Rennbahnweg U;48.2570809;16.4494824
2669;Tillmanngasse;48.2589409;16.4587979
2670;Voitgasse;48.2625531;16.4609179
2671;Hietzing U;48.1882784;16.3038295
2672;Schlachthausgasse U;48.1941711;16.408106
2674;Südtiroler Platz S U;48.1860504;16.3750749
2675;Pierre-de-Coubertin-Platz;48.206242;16.4182569
2676;Pierre-de-Coubertin-Platz;48.2062241;16.4180773
2677;Ernst-Happel-Stadion (Bedarfshaltestelle);48.2088582;16.4188947
2679;Valiergasse;48.1572163;16.46885
2680;Valiergasse;48.1572523;16.4687512
2681;Landstraße S U;48.2059367;16.3855672
2683;Volkertplatz;48.222751;16.3856121
2685;Taborstraße U;48.2192857;16.3804648
2686;Heinestraße;48.2217994;16.3821806
2687;Kleine Stadtgutgasse;48.2195789;16.3889988
2689;Elderschplatz;48.2181065;16.4119418
2690;Krieau U;48.2150838;16.4136396
2691;Elderschplatz;48.2176995;16.4127772
2692;Praterkai S;48.1998776;16.4410741
2693;Schipanygasse;48.2014942;16.4370048
2694;Schipanygasse;48.2014404;16.4369149
2696;Neustifter Friedhof 3. Tor;48.2468226;16.2984756
2697;Stadion U;48.2108517;16.421437
2698;Krieau U;48.2155567;16.4131365
2699;Praterkai S;48.1997639;16.4408585
2701;Kagraner Platz;48.249999;16.4431672
2703;Hausfeldstraße U;48.2333372;16.4864211
2704;Praterstern S U;48.2200518;16.3932478
2705;Leopold-Moses-Gasse;48.2233495;16.3951972
2706;Harkortstraße;48.2221585;16.398997
2708;Erlafstraße;48.2204707;16.4023837
2709;Messe Prater >;48.2182143;16.4035156
2711;Elderschplatz;48.2173883;16.4105314
2714;Messe Prater U;48.2175918;16.4038569
2715;Molkereistraße;48.2182502;16.401171
2716;Max-Winter-Platz;48.2209376;16.4004703
2718;Harkortstraße;48.2222064;16.3990869
2719;Leopold-Moses-Gasse;48.2229605;16.3959877
2720;Stephansplatz U;48.2081338;16.3717242
2722;Fünfhausgasse;48.189039;16.3352975
2723;Fünfhausgasse;48.188991;16.3353604
2726;Luzegasse;48.1591399;16.450758
2727;Roschegasse;48.1542499;16.4505693
2729;Stadlau S U;48.2189864;16.4486739
2730;Billgasse;48.2246542;16.4833578
2731;Löschniggasse;48.2227929;16.4806
2732;Mittleres Hausfeld;48.2271737;16.4843999
2733;Billgasse;48.2241575;16.4833219
2734;Mittleres Hausfeld;48.2270959;16.4846334
2735;Kornblumenweg;48.2302735;16.4860079
2736;Hausfeldstraße U;48.2336663;16.4872835
2737;Am Heidjöchl;48.2371666;16.4878225
2738;Löschniggasse;48.2227331;16.4804563
2739;Hirschstetten Ort;48.2343245;16.4665863
2740;Roschegasse;48.1542979;16.4504166
2741;Unter St. Veit, Verbindungsbahn;48.1874818;16.2850008
2743;Dirmhirngasse;48.1357525;16.2824137
2744;Jakov-Lind-Straße;48.224337;16.3960775
2745;Jakov-Lind-Straße;48.2244148;16.3965087
2746;Hillerstraße;48.2208239;16.4073693
2747;Sturgasse;48.2164725;16.4142145
2748;Stadlau S U;48.2191899;16.4488086
2749;Bettelheimstraße;48.2788049;16.4927632
2750;Stadionbad;48.2045657;16.416613
2751;Fabergasse;48.1366817;16.2770687
2752;Florian-Hedorfer-Straße;48.165785;16.4308513
2754;Obere Augartenstraße;48.2225835;16.3759912
2755;Brigittaplatz;48.2325175;16.3705025
2757;Brigittaplatz;48.2329244;16.3701342
2758;Wallensteinplatz;48.2295195;16.3710864
2759;Taborstraße U;48.219567;16.3798629
2760;Liesing, Bad;48.1325031;16.2812728
2761;Pellmanngasse;48.1306564;16.2887827
2762;Josef-Meder-Gasse;48.129901;16.2944421
2763;Siebenhirten, Brunner Straße;48.1297271;16.2980893
2764;An den Steinfeldern;48.1375869;16.2983318
2765;Carlbergergasse;48.140884;16.2981881
2766;Kugelmanngasse;48.1410279;16.3038205
2767;Herziggasse;48.140884;16.3121389
2768;Eitnergasse;48.1386181;16.3122647
2769;Stipcakgasse;48.135147;16.316352
2770;Siedlung Wienerflur;48.1319815;16.31531
2771;Atzlergasse;48.129895;16.3153998
2772;Sevcikgasse;48.1288097;16.3178702
2773;Sevcikgasse;48.1289536;16.3184541
2774;Wienerflurgasse;48.131274;16.3186517
2775;Siedlung Wienerflur;48.1321074;16.3153729
2776;Stipcakgasse;48.135087;16.3165676
2777;Hetmanekgasse;48.1366877;16.3169629
2778;Eitnergasse;48.1386181;16.3124983
2779;Herziggasse;48.1409679;16.312103
2780;Kugelmanngasse;48.1411538;16.3034253
2781;Carlbergergasse;48.1409919;16.2978917
2782;An den Steinfeldern;48.1370534;16.2979995
2783;Industriegelände Liesing-West;48.1334743;16.2978198
2784;Brunner Straße, Ketzergasse;48.1296372;16.2971011
2785;Josef-Meder-Gasse;48.1300808;16.2939121
2786;Pellmanngasse;48.1308603;16.288109
2787;Liesing, Bad;48.1320054;16.281695
2788;Vösendorf-Siebenhirten;48.1260635;16.3178882
2789;Schwechat, Rathausplatz;48.1411298;16.4760545
2790;Schwechat, Hauptplatz;48.1408181;16.4777973
2791;Schwechat, Ehrenbrunngasse;48.1390197;16.4788393
2792;Schwechat, Hauptplatz;48.1409559;16.4776895
2793;Schwechat, Plankenwehrstraße;48.1419091;16.4748059
2795;Badeteich Hirschstetten;48.242635;16.480618
2796;Karl-Bednarik-Gasse;48.245698;16.4829446
2798;Perfektastraße U;48.1362321;16.3121659
2799;Schwechat, Möhringgasse;48.1406442;16.4796837
2800;Schwechat, Möhringgasse;48.1408061;16.4798634
2808;Braunschweiggasse;48.190063;16.2948015
2809;Unter St. Veit;48.1913326;16.2876329
2810;Ober St. Veit;48.1928837;16.2744456
2811;Bhf. Hütteldorf;48.1963808;16.2613392
2812;Unter St. Veit;48.1908416;16.2867885
2813;Braunschweiggasse;48.1890809;16.2965172
2814;Hietzing;48.1880927;16.3014669
2816;Erlaaer Straße;48.1421189;16.313702
2817;Perfektastraße;48.136352;16.3124444
2818;Erlaaer Straße;48.1420409;16.3138996
2819;Am Schöpfwerk U;48.1613091;16.3239877
2823;Aspernstraße U;48.2231281;16.4751472
2854;Umleitung N64 über Hohenbergstraße;48.1642931;16.3149686
2875;Zentralfriedhof 3.Tor;48.152482;16.4488356
2876;Wartegleis Bahnhof Simmering;48.1667017;16.4239612
2877;Auf der Schmelz;48.2036497;16.3167203
2878;Schmelz, Gablenzgasse;48.2063139;16.3172503
2879;Pensionistenwohnhaus Laaer Berg;48.1510916;16.3845521
2880;Schmelz, Gablenzgasse;48.2063139;16.3171965
2881;Auf der Schmelz;48.2036556;16.3165766
2882;Alaudagasse U;48.1526019;16.3818302
2883;Minciostraße;48.2029312;16.3132349
2884;Schanzstraße, Akkonplatz;48.2013505;16.3143578
2885;Schanzstraße, Akkonplatz;48.2013086;16.3146273
2887;Johnstraße U;48.1987759;16.3190739
2888;TREFFPUNKT MUSEUM MARIA-THERESIEN-PLATZ;48.2061223;16.3603515
2889;KUNST HAUS WIEN;48.2052362;16.3582135
2892;Königsklostergasse;48.201147;16.3593185
2895;HEERESGESCHICHTLICHES MUSEUM;48.2010691;16.3591568
2899;Albertinaplatz;48.2054577;16.3680052
2900;Alaudagasse U;48.1525359;16.3818033
2901;Kärntner Straße;48.2036976;16.3697659
2902;Riemergasse;48.2075471;16.3774195
2903;Stephansplatz U;48.2090318;16.3731435
2904;Hoher Markt;48.2111689;16.3723171
2905;Schwertgasse;48.2123422;16.3696581
2906;Renngasse;48.2131384;16.3679423
2907;Helferstorferstraße;48.2139704;16.3654719
2909;Himberger Straße;48.1431319;16.3830699
2910;Schottentor U;48.2134616;16.3626782
2911;Teinfaltstraße;48.2117676;16.3646814
2912;Weidelstraße;48.1420469;16.3858367
2913;Oberlaa U, Laaer-Berg-Straße;48.1426823;16.3993115
2914;Graben, Petersplatz;48.2090977;16.3695233
2915;Stephansplatz U;48.2092114;16.3725776
2916;Riemergasse;48.208074;16.3772039
2917;Stubentor U;48.2072837;16.3798989
2918;Oberlaa U;48.1435095;16.3985389
2919;Wienerfeld;48.1527217;16.3643221
2920;Schwarzenbergplatz;48.2019134;16.3739879
2921;Oberlaa U, Laaer-Berg-Straße;48.1427543;16.3992665
2922;Hoher Markt;48.211157;16.37185
2923;Oper, Karlsplatz >;48.2024103;16.3702599
2924;Albertinaplatz;48.2047632;16.3694425
2925;Salzgries;48.212857;16.3727303
2926;Michaelerplatz;48.2083673;16.3664151
2927;Leopoldsdorfer Straße;48.1381565;16.3996348
2928;Weidelstraße;48.1421069;16.3858727
2929;Himberger Straße;48.1436054;16.3826836
2930;Neulaa U;48.1467762;16.3825938
2931;Neulaa U;48.1467343;16.3823423
2932;Alaudagasse U;48.154214;16.3826297
2933;Rotenturmstraße;48.210265;16.3744102
2934;Schwedenplatz U;48.2118633;16.3762876
2935;Plankengasse;48.2066491;16.3694694
2936;Julius-Ficker-Straße;48.2672952;16.4484673
2937;Aderklaaer Straße U;48.2648196;16.4526265
2938;Herrengasse U;48.2105883;16.3656785
2939;Alaudagasse U;48.1527817;16.3820009
2940;Schottenring U;48.216676;16.3703138
2941;Rudolfsplatz;48.2144733;16.3710774
2942;Concordiaplatz;48.2135634;16.3701342
2943;Schwechat, BHF S;48.1425145;16.4826841
2944;Brandstätte;48.2100794;16.3707899
2945;Habsburgergasse;48.2077447;16.3679692
2946;Joseph-Roth-Gasse;48.2218054;16.3940743
2947;Börse;48.2150778;16.3657234
2948;Joseph-Roth-Gasse;48.2218772;16.3939844
2949;Traisengasse S;48.2346237;16.385172
2950;Lorenz-Böhler-Unfallkrankenhaus;48.2357606;16.3826118
2951;Dresdner Straße U;48.237394;16.3789377
2952;Lorenz-Böhler-Unfallkrankenhaus;48.2363948;16.3831418
2953;Possingergasse;48.2092533;16.3180498
2954;Julius-Ficker-Straße;48.2672773;16.4481618
2955;Dammstraße;48.2347673;16.3752456
2956;Lorenz-Böhler-Unfallkrankenhaus;48.236335;16.383007
2957;Dresdner Straße U;48.2374598;16.3790634
2958;Dammstraße;48.2346058;16.3752636
2959;Bhf. Meidling <>, Schedifkaplatz;48.1726209;16.3319827
2960;Gunoldstraße;48.2447468;16.3612319
2961;Barawitzkagasse, Hohe Warte;48.2447648;16.3553838
2962;Saarplatz;48.2452792;16.3499041
2963;Silbergasse;48.2431495;16.3488261
2964;Gatterburggasse;48.2388838;16.3493741
2965;Chimanistraße;48.2395659;16.3437866
2966;Dänenstraße;48.2371547;16.3341387
2967;Türkenschanzplatz;48.2347135;16.3281469
2968;Gersthof S;48.2313207;16.3284883
2969;Czartoryskigasse;48.2276884;16.3271498
2970;Richthausenstraße;48.2238882;16.3226582
2971;Schuhmeierplatz;48.2110492;16.3186787
2972;Albrechtskreithgasse;48.2190941;16.3203406
2973;Hernals, Wattgasse;48.2210094;16.3210323
2974;Kaiserebersdorf, Zinnergasse;48.1594875;16.4713384
2975;Pensionsversicherungsanstalt;48.229328;16.3976136
2976;Richthausenstraße;48.2236607;16.3227121
2977;Wilhelminenstraße;48.2158979;16.3193344
2978;Familienplatz;48.2139166;16.3188404
2979;Hernals, Wattgasse;48.2218892;16.321724
2980;Czartoryskigasse;48.2279158;16.3277337
2981;Gersthof S;48.2314464;16.3287218
2982;Türkenschanzplatz;48.2346357;16.328084
2983;Blaasstraße;48.2370709;16.341981
2984;Hardtgasse;48.237023;16.3480176
2985;Gatterburggasse;48.2394941;16.3490956
2986;Silbergasse;48.2431136;16.3490148
2987;Saarplatz;48.2452075;16.3498772
2988;Barawitzkagasse, Hohe Warte;48.2445494;16.3566594
2989;Gunoldstraße;48.2445793;16.3612768
2990;Waldgasse;48.1731301;16.3805636
2991;Reumannplatz U;48.1745499;16.3793329
2992;Eisenstadtplatz;48.1693858;16.3843815
2993;Urselbrunnengasse;48.1651559;16.3900947
2994;Theodor-Sickel-Gasse;48.1604462;16.3922507
2996;Kronawettergasse;48.1547414;16.3960416
2997;Filmteichstraße;48.1523861;16.3972902
2999;Höchstädtplatz;48.2388419;16.3772488
3001;Lorenz-Böhler-Unfallkrankenhaus;48.2363828;16.3838155
3002;Lorenz-Böhler-Unfallkrankenhaus;48.2358862;16.3837436
3003;Gaußplatz;48.225917;16.3700982
3005;Prinzgasse;48.2399248;16.4820463
3007;Hausfeldstraße S;48.234139;16.4862055
3009;Zanggasse;48.239171;16.4842561
3010;Gladiolenweg;48.2374897;16.4785698
3011;Hausfeldstraße  U;48.233074;16.4866996
3012;Laaer Berg, Kurpark Nordeingang;48.1519186;16.4017369
3013;Filmteichstraße;48.1528955;16.3969489
3014;Kronawettergasse;48.1552507;16.3961314
3015;Lehenstraße;48.2307103;16.5225783
3016;Theodor-Sickel-Gasse;48.1604283;16.3924932
3017;Urselbrunnengasse;48.1646885;16.3909392
3018;Eisenstadtplatz;48.1695116;16.3846779
3027;Waldgasse;48.1731721;16.3810307
3038;Panethgasse;48.2590665;16.4489344
3039;Weingartenallee;48.2821347;16.4963115
3040;Süßenbrunn, Sportpark;48.2854464;16.4991592
3043;Siebeckstraße;48.2420846;16.4344086
3045;Kagraner Brücke;48.2390453;16.4305099
3046;Saikogasse;48.2505912;16.4344535
3047;Arminenstraße;48.2363529;16.4369868
3048;Siebeckstraße;48.2421444;16.4348578
3049;Steinbrechergasse;48.2336604;16.4386127
3050;Benatzkygasse;48.2298786;16.4397087
3051;Veitschiweg;48.2261504;16.4404453
3052;Kagran U;48.2432811;16.4337079
3053;Siedlung Einigkeit;48.2217635;16.4407777
3054;Leopoldauer Straße;48.2626667;16.4357561
3055;Siedlung Sonnheim;48.2196388;16.4408406
3056;Eisstoßgasse;48.217939;16.4408046
3057;Kagran U;48.2436281;16.43316
3058;Kagran U;48.2432811;16.4337079
3060;Kagraner Brücke;48.239877;16.4307255
3061;Alte Donau;48.2371427;16.4256501
3062;Julius-Payer-Gasse;48.2342108;16.4201524
3066;Kagraner Platz U;48.2509441;16.4436703
3067;Kagran U;48.2433948;16.4337618
3068;Kraygasse;48.2486531;16.4488805
3069;Kraygasse;48.2484976;16.4498417
3071;Kolletschkagasse;48.2390214;16.4798724
3076;Julius-Payer-Gasse;48.2342827;16.4211854
3077;Alte Donau;48.2363769;16.4250392
3083;Fischergrund;48.2160595;16.4408226
3084;Memlinggasse;48.2284005;16.521662
3085;Kagran U;48.2432512;16.43369
3087;Lieblgasse;48.2573799;16.4634781
3088;Tillmanngasse;48.2589828;16.4586362
3089;Puchgasse;48.2600055;16.4550699
3090;Hosnedlgasse Nord;48.260472;16.4648885
3091;Obachgasse;48.2615066;16.4642686
3092;Maculangasse;48.2614946;16.4559143
3093;Puchgasse;48.2600653;16.4548363
3094;Tillmanngasse;48.2585103;16.4588428
3095;Lieblgasse;48.2573799;16.4615198
3096;Senekowitschgasse;48.2542818;16.4588967
3097;Hosnedlgasse Süd;48.2548021;16.4617444
3098;Maculangasse;48.2614587;16.456049
3099;Voitgasse;48.2623618;16.4609898
3100;Haspingerplatz;48.2772206;16.40542
3101;Mayerweckstraße;48.2939458;16.3812104
3102;Heinrich-von-Buol-Gasse;48.2673132;16.4279318
3104;Franz-Sebek-Straße;48.2698904;16.4229102
3105;Ruthnergasse;48.2723418;16.4180593
3106;Skraupstraße;48.2742372;16.4137653
3107;Haspingerplatz;48.2775434;16.4052313
3108;Großjedlersdorf, Jochbergengasse;48.2799407;16.4012249
3109;Siemensstraße S;48.2711819;16.4197571
3110;Blumengärten Hirschstetten;48.2358204;16.4717336
3111;Murraygasse;48.2363589;16.474761
3112;Gladiolenweg;48.2377171;16.4790459
3113;Zanggasse;48.239153;16.4841663
3114;Zanggasse;48.2389616;16.4851095
3115;Prinzgasse;48.2400026;16.4820014
3117;Murraygasse;48.2364846;16.4744915
3118;Blumengärten Hirschstetten;48.2359221;16.4716797
3119;Giefinggasse;48.2680427;16.4260184
3120;Heinrich-von-Buol-Gasse;48.2671099;16.427806
3121;Sorgenthalgasse;48.2659976;16.4321808
3122;Meriangasse;48.2913519;16.3846689
3123;Rußbergstrasse;48.2878254;16.3834292
3124;Bhf. Strebersdorf S;48.2861278;16.381444
3125;Rußbergstraße;48.2877178;16.3837167
3126;Strebersdorf, Edmund-Hawranek-Platz;48.2910709;16.3863847
3127;Siemensstraße S;48.2712417;16.4197661
3129;Himmelteich;48.2255758;16.520566
3130;Längenfeldgasse U;48.1852778;16.3354323
3131;Korbergasse;48.1859307;16.338756
3132;Gaudenzdorfer Gürtel;48.1872063;16.3429871
3133;Am Hundsturm;48.1885359;16.3475146
3134;;48.1910931;16.3540543
3135;Pilgramgasse U;48.1925723;16.3548898
3136;Castelligasse;48.1886736;16.3582854
3137;Siebenbrunnengasse;48.1875417;16.3593274
3138;Zentaplatz;48.186284;16.3604144
3139;Fendigasse;48.1840979;16.3559767
3140;Embelgasse;48.1827323;16.3522307
3141;Siebenbrunnenfeldgasse;48.1822112;16.354773
3142;Jahngasse;48.1830677;16.3570457
3143;Ramperstorffergasse;48.1849963;16.3603515
3144;Siebenbrunnengasse;48.1872662;16.3579171
3145;Kohlgasse;48.1878831;16.351584
3146;Am Hundsturm;48.1867871;16.3473978
3147;Gaudenzdorfer Gürtel;48.1856911;16.3442807
3148;Steinhagegasse;48.1849304;16.3404628
3149;Arndtstraße;48.1838044;16.337148
3150;Spengergasse;48.1847807;16.3573961
3151;Eichenstraße;48.1814386;16.3501467
3152;Stiegergasse;48.1882125;16.332926
3153;Henriettenplatz;48.1902427;16.3320007
3154;Mariahilfer Straße, Geibelgasse;48.1916141;16.3307161
3155;Schmelzbrücke;48.1960873;16.3296471
3156;Schweglerstraße U;48.1967879;16.3277966
3157;Schweglerstraße U;48.1981292;16.3277876
3158;Schmelzbrücke;48.1960634;16.3295393
3159;Mariahilfer Straße, Geibelgasse;48.1915362;16.3307341
3160;Henriettenplatz;48.1899792;16.3312461
3161;Wehrbrücklstraße;48.2247978;16.5316423
3162;Längenfeldgasse U;48.1848825;16.3354772
3163;Grenzgasse;48.1931651;16.3297639
3164;Grenzgasse;48.1934885;16.3295573
3166;Franz-Sebek-Straße;48.2698186;16.4228383
3168;Josef-Prangl-Straße;48.1346314;16.3562282
3169;Jura-Soyfer-Gasse;48.1491917;16.3926819
3170;Alaudagasse U;48.1533989;16.3822614
3171;Ada-Christen-Gasse;48.1527817;16.3860254
3172;Max-Fleischer-Gasse;48.1507859;16.3896905
3173;Wendstattgasse;48.1478431;16.3916578
3174;Hubert-Gsur-Gasse;48.1463507;16.3890886
3175;Adolf-Unger-Gasse;48.14891;16.385702
3176;Stockholmer Platz;48.149797;16.3833574
3177;Himberger Straße;48.1434855;16.3822794
3178;Sulzengasse;48.1449002;16.374509
3179;Großmarktstraße;48.1463147;16.3668194
3180;Sulzengasse;48.1446424;16.3751827
3181;Oberlaaer Straße;48.1476753;16.362202
3182;Großmarktstraße;48.1462788;16.3669541
3183;Ziegelhofstraße;48.2400565;16.4782284
3184;Spargelfeldstraße;48.2410735;16.4737998
3185;Süßenbrunnerstraße;48.2428564;16.4690387
3186;Gewerbepark Stadlau;48.2456083;16.4622025
3187;Forstnergasse;48.2476422;16.4540727
3190;Stockholmer Platz;48.1494614;16.3824591
3191;Forstnergasse;48.2475525;16.4540009
3192;Gewerbepark Stadlau;48.245686;16.4622654
3193;Süßenbrunner Straße;48.2427846;16.4689848
3194;Kaisermühlenstraße;48.2129408;16.4408675
3196;Spargelfeldstraße;48.2409718;16.4738806
3197;Ziegelhofstraße;48.2400026;16.4783632
3198;Forchheimergasse;48.1410039;16.3077552
3199;Am Tabor;48.2248098;16.3834652
3200;Bhf. Meidling S U, Eichenstraße;48.1748135;16.3319468
3201;Tanbruckgasse;48.1771677;16.32865
3202;Ruckergasse;48.1773893;16.3261976
3203;Ratschkygasse;48.1776409;16.3235206
3204;Schwenkgasse;48.1788749;16.3210951
3205;Tivoligasse;48.1805281;16.3212479
3206;Aichholzgasse;48.1803125;16.3240147
3207;Meidling Hauptstraße U;48.183511;16.3286051
3213;Haschkagasse;48.1811331;16.3269162
3214;Aichholzgasse;48.1803843;16.3240775
3215;Tivoligasse;48.180618;16.3212568
3216;Gatterholzgasse;48.17818;16.3207178
3217;Pohlgasse;48.1786532;16.3236553
3218;Ruckergasse;48.1783358;16.327042
3219;Tanbruckgasse;48.1781381;16.329701
3220;Zeleborgasse;48.1768203;16.3337614
3221;Dörfelstraße;48.1754365;16.3342824
3222;Inzersdorf, Birostraße;48.1367297;16.3512875
3223;Birostraße Mitte;48.1385461;16.3541442
3224;Haspingerplatz;48.2775075;16.4045935
3225;Spittelbreitengasse;48.1758558;16.329153
3226;Gatterholzgasse;48.1780123;16.3216251
3227;Tivoligasse;48.1804502;16.3222001
3228;Ernanigasse;48.1432278;16.352644
3229;Ernanigasse;48.1431918;16.3527967
3230;Cossmanngasse;48.1970394;16.2674477
3231;Deutschordenstraße;48.1992789;16.2688671
3232;Linzer Straße, Flötzersteig;48.200638;16.265732
3234;Wahlberggasse;48.2051225;16.2624621
3235;Henckellgasse;48.206254;16.2608541
3236;Hüttelberg;48.2087205;16.261447
3237;Henckellgasse;48.2061283;16.2604948
3238;Steinböckengasse;48.2037095;16.2602433
3239;Rosentalgasse;48.2023864;16.2610877
3240;Angermayergasse;48.1843135;16.2648247
3241;Bahnhofstraße;48.2008955;16.2639443
3242;Bhf. Hütteldorf S U;48.1979256;16.2612314
3244;Auhof;48.2077207;16.217735
3245;Wolfgang-Pauli-Gasse;48.2069365;16.2158665
3246;Zimbagasse;48.2061402;16.2190555
3247;Weidlingau, Herzmanskystraße;48.2094509;16.2148604
3248;Hadersdorf, Hauptstraße;48.2095945;16.220394
3249;Badgasse;48.2091515;16.2232237
3250;Hadersdorf, Hauptstraße;48.2098041;16.2199987
3251;Weidlingau, Herzmanskystraße;48.2095586;16.2146538
3253;Auhof, Umspannwerk;48.2019972;16.2345514
3254;Uranusweg;48.2074633;16.2518799
3255;Merkurweg;48.2076848;16.2491401
3256;Siriusweg;48.207595;16.2475231
3257;Mondweg;48.2081458;16.2435346
3258;Pfarrwiesenstraße;48.2094568;16.2416032
3259;Stammhausstraße;48.2112587;16.2397796
3260;Glossystraße;48.2124201;16.2360965
3261;Josef- Ressel-Straße;48.2114204;16.233698
3262;Hüttergasse;48.2131444;16.2274637
3263;Ferdinand-Frey-Weg;48.2146349;16.227877
3264;Wolfersberg, Schöffelplatz;48.2165683;16.2279758
3265;Korngoldgasse;48.2157363;16.2303922
3266;Cottagestraße;48.2151736;16.2263049
3267;Hüttergasse;48.2132761;16.2266642
3268;Josef-Ressel-Straße;48.2113066;16.2331321
3269;Oskar-Simony-Straße;48.2109714;16.2362043
3270;Riedstraße;48.2104865;16.2386298
3271;Pfarrwiesenstraße;48.2094149;16.2415134
3272;Mondweg;48.2077926;16.2433998
3273;Alois-Behr-Straße;48.2058648;16.241199
3274;Freesienweg;48.204416;16.2429058
3275;Hütteldorfer Friedhof;48.2042544;16.2446485
3276;Samptwandnergasse;48.2036077;16.2450617
3277;Anzengruberstraße;48.2139884;16.2237896
3278;Hadersdorf, Bahnhof S;48.2102949;16.2245801
3279;Albert-Schweitzer-Gasse;48.2073556;16.2223344
3280;Badgasse;48.2092533;16.224104
3281;Hadersdorf, Bahnhof S;48.2103249;16.224643
3282;Bhf. Hütteldorf S U;48.1978478;16.2615189
3283;Bhf. Hütteldorf S U;48.1978598;16.260899
3284;Karl-Bekehrty-Straße;48.2189625;16.248655
3285;Eichbachgasse;48.2219491;16.2473704
3286;Jägerwaldsiedlung;48.2238702;16.2464182
3287;Haidersberggasse;48.2244148;16.2433909
3288;Nikolaus-Pytty-Gasse;48.2227331;16.2417919
3289;Knödelhüttenstraße;48.2209077;16.2391239
3290;Moschingergasse;48.2197525;16.2404624
3291;Haspelmeistergasse;48.2177055;16.2441185
3292;Edenstraße;48.2149581;16.2462295
3293;Dostgasse;48.2200159;16.2529939
3294;Elsbeergasse;48.2184238;16.2544132
3295;Günselgasse;48.2168436;16.2551049
3296;Hänflingweg;48.2182382;16.257719
3297;Ammerweg;48.2185495;16.2604499
3298;Siedlung Kordon;48.2180168;16.2618782
3299;Feuerwache Am Steinhof;48.2151377;16.2781197
3300;Siedlung Kordon;48.2181185;16.2617524
3301;Ammerweg;48.2184776;16.2605128
3302;Hänflingweg;48.218322;16.257719
3303;Günselgasse;48.2167478;16.2551408
3304;Elsbeergasse;48.2185375;16.2543862
3305;Dostgasse;48.2201236;16.252913
3306;Kerbelgasse;48.2174062;16.2496881
3307;Ulmenstraße;48.2164007;16.2488886
3308;Jubiläumswarte;48.2210932;16.2656062
3309;Jubiläumswarte;48.2211112;16.2652199
3310;Hütteldorf, Bujattigasse;48.2023624;16.2559763
3311;Carl-Appel-Straße;48.1688106;16.344649
3312;Steigenteschgasse;48.2450818;16.4387924
3313;Kagraner Platz U;48.2490838;16.4428618
3314;Fritz-Feigl-Weg;48.2344622;16.4721828
3315;Contiweg;48.2308599;16.4701975
3316;Contiweg;48.2307881;16.4704131
3317;Fritz-Feigl-Weg;48.2344681;16.4722726
3318;Kagraner Platz U;48.2498016;16.4431043
3319;Seestadt >;48.2253963;16.508313
3320;Christine-Touaillon-Straße;48.2232657;16.5100108
3321;Lannesstraße;48.2151317;16.5103881
3322;Lannesstraße;48.2151676;16.5105678
3323;Christine-Touaillon-Straße;48.2230682;16.5104959
3324;Eßling, Schule;48.2144433;16.5244647
3325;Schlachthammerstraße;48.2119831;16.5241054
3326;Wiethestraße;48.2081039;16.5236473
3327;Raphael-Donner-Allee;48.205793;16.5235664
3328;Mühlhäufel;48.2032365;16.522174
3329;Auernheimergasse;48.2029252;16.5180058
3330;Kaposigasse;48.2022786;16.5171524
3331;Eßling, Wegmayersiedlung;48.2022786;16.5150773
3332;Bambergergasse;48.2059307;16.5155085
3333;Ultzmanngasse;48.2061223;16.5181316
3334;Raphael-Donner-Allee;48.2060145;16.5229466
3335;Wiethestraße;48.2080919;16.523809
3336;Mühlhäufelgasse;48.2081997;16.5263512
3337;Rosalia-Chladek-Gasse;48.2116;16.5289743
3338;Seestadt U;48.2252766;16.5083939
3339;Aspern Nord SU;48.23378;16.5043694
3340;Strigelgasse;48.2310036;16.5199013
3341;Heringgasse;48.2343604;16.521653
3342;Asparagusweg;48.241959;16.530699
3343;Daphneweg;48.244352;16.5313009
3344;Huflattichweg;48.2469842;16.5319836
3345;Neueßling;48.2495803;16.5326304
3346;Asparagusweg;48.2419889;16.5304565
3347;Heringgasse;48.2342647;16.5215272
3348;Strigelgasse;48.2310754;16.5199013
3349;Bhf. Hütteldorf S U;48.1979556;16.2610697
3350;Tiefer Graben;48.213731;16.3692179
3351;Renngasse;48.2130007;16.3673314
3352;Südportalstraße;48.2131743;16.4073514
3353;Trabrennstraße;48.2125098;16.4118968
3354;Sieveringer Straße;48.2510817;16.3235116
3355;Sieveringer Friedhof;48.2491317;16.3214095
3356;Vernholzgasse;48.2269343;16.4519976
3357;Seestadt  U;48.2253724;16.5084208
3358;Maria-Trapp-Platz;48.2238163;16.5047916
3359;Hannah-Arendt-Platz;48.224744;16.5017014
3360;Johann-Kutschera-Gasse;48.2249175;16.4967787
3361;An den alten Schanzen;48.2265932;16.4885142
3362;Johann-Kutschera-Gasse;48.2250432;16.4967787
3363;Hannah-Arendt-Platz;48.2246662;16.5013152
3364;Maria-Trapp-Platz;48.2239241;16.5053666
3365;Seestadt  U;48.2253005;16.5082232
3366;Gertrude-Fröhlich-Sandner-Straße;48.1856611;16.378228
3367;Sonnwendgasse;48.1815404;16.3794587
3368;Alfred-Adler-Straße;48.1824029;16.3816865
3369;Alfred-Adler-Straße;48.1825766;16.3815158
3370;Sonnwendgasse;48.1816182;16.3793868
3371;Hauptbahnhof Süd;48.1844872;16.3756408
3372;Michael-Neumann-Gasse;48.2466312;16.367017
3373;Michael-Neumann-Gasse;48.2470918;16.3674392
3374;Malzgasse;48.2212009;16.3775363
3375;Deutschordenstraße;48.1999914;16.2671513
3376;Deutschordenstraße;48.2001051;16.2672501
3377;Franzosenweg;48.1399069;16.3827016
3378;Rosiwalgasse;48.1378987;16.3828543
3379;Indigoweg;48.1382704;16.3763325
3380;Bhf. Blumental S;48.1385161;16.370763
3381;Kledering, Kirche;48.1320654;16.4355495
3382;Kledering, Bahnhofplatz;48.1318016;16.4385409
3383;Bhf. Blumental S;48.1384262;16.3707989
3384;Indigoweg;48.1382344;16.3763236
3385;Rosiwalgasse;48.1379167;16.3829441
3386;Franzosenweg;48.1399069;16.3829621
3387;Oberlaa U;48.1434256;16.398467
3388;Unterlaa, Stadtgrenze;48.1310521;16.4270694
3391;Kledering, Bhf. S;48.1327069;16.4392865
3394;;48.1403505;16.4429336
3395;Zentralfriedhof, 9.Tor;48.140938;16.4375707
3401;Vera-Schwarz-Gasse;48.136382;16.3378847
3402;Ernst-Krenek-Gasse;48.1352789;16.3433374
3403;Großmarktstraße;48.1465665;16.3667026
3404;Röbbelinggasse;48.2356708;16.5249498
3405;Röbbelinggasse;48.2357307;16.5249408
3407;Senekowitschgasse;48.2541442;16.4589057
3408;Troststraße U;48.1688706;16.3793868
3409;Laxenburger Straße, Troststraße;48.1691102;16.3697299
3410;Valiergasse;48.1571984;16.468886
3411;Wopenkastraße;48.1510197;16.4634961
3412;Bhf. Kaiserebersdorf S;48.1469441;16.4648076
3413;Wopenkastraße;48.1509897;16.4635769
3414;Bhf. Kaiserebersdorf S;48.1473397;16.4633344
3415;Baudißgasse;48.1451879;16.4612233
3416;Ailecgasse;48.1409859;16.4553304
3417;Bertl-Hayde-Gasse;48.1403565;16.4405262
3418;Bertl-Hayde-Gasse;48.1402486;16.4405531
3419;;48.1402606;16.4429336
3420;Ailecgasse;48.140878;16.4553484
3421;Baudißgasse;48.1453557;16.4612323
3422;Etrichstraße;48.1481188;16.4626696
3423;Klingerstraße;48.1490658;16.3397531
3424;Klingerstraße;48.1488021;16.3400496
3426;Forchheimergasse;48.14089;16.307854
3427;Greta-Keller-Gasse;48.1341398;16.3572074
3429;Oberdorfstraße;48.2172506;16.4809414
3430;Oberdorfstraße;48.2172566;16.4813456
3431;Absberggasse;48.1764788;16.3903732
3432;Breitenlee, Schule;48.2512971;16.5012253
3433;Absberggasse;48.1762092;16.3901397
3434;Absberggasse;48.1759157;16.3913793
3435;Absberggasse;48.1756521;16.3905619
3436;Absberggasse;48.176383;16.3910469
3437;Alfred-Adler-Straße;48.1820615;16.3815877
3438;Hlawkagasse;48.1791025;16.3828543
3439;Hlawkagasse;48.1791504;16.3828902
3440;Schottenring U;48.2151856;16.3721913
3441;Geiereckstraße;48.1761493;16.3997606
3442;Geiereckstraße;48.1760655;16.3997426
3443;Melchartgasse;48.1725969;16.2951338
3444;Melchartgasse;48.1723393;16.2953315
3445;Krakauer Straße;48.2245824;16.3932029
3446;Bruno-Marek-Allee;48.228203;16.3943348
3447;Bruno-Marek-Allee;48.2285202;16.392601
3448;Krakauer Straße;48.2245704;16.3930861
3449;Nordbahnstraße;48.2237924;16.389978
3450;Praterstern;48.2182682;16.3913614
3451;Paukerwerkstraße;48.2697528;16.4266652
3452;Paukerwerkstraße;48.2697588;16.4265484
3453;Niedermeierweg;48.206272;16.4830075
3454;Niedermeierweg;48.2063498;16.4830524
3455;Schattenfrohgasse;48.2873233;16.4820373
3456;Gerasdorf, Bhf S;48.2930672;16.4831332
3457;Josef-Böck-Gasse;48.2935812;16.4785608
3458;Gerasdorf, Neue Mittelschule;48.2944179;16.4713384
3459;Gerasdorf, Postamt;48.2946928;16.4683739
3460;Gerasdorf, Neue Mittelschule;48.2943581;16.4713294
3461;Josef-Böck-Gasse;48.2934796;16.4785608
3462;Gerasdorf, Bhf. S;48.2929716;16.4832141
3463;Schattenfrohgasse;48.2872994;16.4819565
3464;Gerasdorf, Postamt;48.2946032;16.468356
3465;Siemensstraße S;48.2712776;16.4206464
3466;Neu Leopoldau;48.2729338;16.4263777
3516;Spittelau S U;48.23305;16.3578273
3517;Vorarlberger Allee;48.1330307;16.3498592
3518;Vorarlberger Allee;48.1329107;16.3498322
3519;Zentralfriedhof, 9.Tor;48.1410039;16.4376785
3520;Franz-Lehar-Gasse;48.1303447;16.2917202
3523;Sahulkastraße;48.1624296;16.362229
3524;Wienerfeldgasse;48.1583429;16.3602168
3527;Neubaugasse U;48.1985124;16.349985
3528;Neubaugasse, Westbahnstraße;48.2015122;16.3491136
3529;Neubaugasse, Burggasse;48.2040029;16.3490417
3562;Brunner Straße, Ketzergasse;48.1292594;16.2984845
3563;Liesing, Industriegelände Süd;48.1284919;16.3018083
3564;Lemböckgasse;48.1277305;16.3069736
3565;Siebenhirten U;48.1292774;16.3097315
3566;Nowakgasse;48.1266692;16.3138457
3576;Bruno-Marek-Allee;48.2286039;16.3928076
3622;Nowakgasse;48.1265972;16.3144386
3623;Siebenhirten U;48.1293314;16.3101986
3624;Lemböckgasse;48.1278444;16.3075575
3625;Liesing, Industriegelände Süd;48.1285639;16.3018442
3677;Sterngasse;48.1487242;16.3426906
3700;Börsegasse;48.2160655;16.3669631
3701;Schottentor U (Bedarf);48.2137549;16.3613936
3703;Börse;48.215826;16.3662984
3704;Liechtenwerder Platz;48.2324935;16.3565067
3707;Marsanogasse;48.2308719;16.3507845
3708;Marsanogasse;48.2309138;16.3509192
3709;Nußdorfer Straße U;48.2314164;16.3543957
3710;Nußdorfer Straße;48.2323918;16.3540903
3711;Schottentor (Bedarf);48.2141081;16.3607827
3712;Siccardsburggasse;48.1758019;16.3701881
3713;Leebgasse;48.1761254;16.3698826
3715;Reumannplatz U;48.1746757;16.3775992
3721;Kledering, Kirche;48.1321673;16.4355585
3722;Großmarktstraße;48.1465065;16.3672955
3723;Ernst-Krenek-Gasse;48.1353748;16.3433554
3724;Vera-Schwarz-Gasse;48.136358;16.3384955
3725;Alterlaa U;48.1508518;16.3171156
3729;Pötzleinsdorf;48.2410676;16.3110789
3730;Ring, Volkstheater U;48.2083733;16.3601359
3732;Schloss Neugebäude;48.1610215;16.447533
3733;Tiroler Gasse;48.1809354;16.2991673
3734;Montecuccoliplatz;48.1755503;16.2976761
3735;Am Platz;48.1858648;16.3012603
3737;Sankt-Hemma-Kirche;48.1726628;16.2930138
3738;Preyergasse;48.173873;16.2864202
3739;Hofwiesengasse;48.1697992;16.2857824
3740;Speising, Hermesstrasse;48.1683913;16.2825484
3741;Strampfergasse;48.1673128;16.2771136
3742;Dr.-Schober-Straße;48.1667556;16.2728826
3743;Pensionistenwohnhaus Föhrenhof;48.1657071;16.2722717
3744;Buchbindergasse;48.1637598;16.269999
3745;Glawatschweg;48.1637239;16.2661811
3746;Sankt-Hubertus-Platz;48.1625255;16.2607553
3747;Nästlbergergasse;48.1601107;16.260899
3748;Dostalgasse;48.1597811;16.2632526
3749;Wittgensteinstraße;48.1588283;16.2658757
3750;Ursulinenkloster;48.1562875;16.2647079
3751;Heudörfelgasse;48.1532551;16.2639713
3752;Franz-Asenbauer-Gasse;48.1543698;16.2709063
3753;Maurer Friedhof;48.1544417;16.2749666
3754;Bhf. Atzgersdorf S;48.1481548;16.2890971
3755;Pensionistenwohnhaus Atzgersdorf;48.150714;16.2899326
3756;Endemanngasse;48.1529974;16.2909387
3757;Tullnertalgasse;48.1539803;16.2917112
3758;Pflaumengasse;48.1571145;16.2912441
3759;Am Rosenhügel;48.1617645;16.2914328
3760;Dorfmeistergasse;48.164365;16.2960142
3761;Pensionistenwohnhaus Hetzendorf;48.1668395;16.3002363
3762;Rosenhügelstraße;48.1683553;16.3019251
3763;Atzgersdorfer Straße;48.1705361;16.2971191
3764;Ursulinenkloster;48.1562455;16.2648247
3765;Wittgensteinstraße;48.1589182;16.2659386
3766;Dostalgasse;48.159877;16.2633155
3767;Nästlbergergasse;48.1603324;16.2604409
3768;Sankt-Hubertus-Platz;48.1624895;16.26089
3769;Glawatschweg;48.163634;16.2661901
3770;Buchbindergasse;48.1636699;16.2695857
3771;Pensionistenwohnhaus Föhrenhof;48.1659707;16.2723795
3772;Strampfergasse;48.1672889;16.2776616
3773;Lainzer Tor;48.1669413;16.2570812
3774;Hofwiesengasse;48.1696853;16.2859171
3775;Preyergasse;48.173849;16.2866088
3776;Sankt-Hemma-Kirche;48.1726509;16.2923131
3777;Stranzenberggasse;48.1719919;16.2967867
3778;Atzgersdorfer Straße;48.1700328;16.2960321
3779;Siedlung Rosenhügel;48.1656112;16.2935977
3780;Pensionistenwohnhaus Rosenberg;48.1593377;16.2853781
3782;Deißenhofergasse;48.1580673;16.2798535
3783;Eberstorferweg;48.1546515;16.2799613
3785;Ruzickagasse;48.152518;16.2843361
3786;Eberstorferweg;48.1546455;16.2801499
3787;Deißenhofergasse;48.1584808;16.2805452
3788;Pensionistenwohnhaus Rosenberg;48.1593497;16.2858003
3789;Siedlung Rosenhügel;48.1639635;16.2927533
3790;Atzgersdorfer Straße;48.1695356;16.2960681
3791;Stranzenberggasse;48.1722435;16.2960232
3792;Zanggasse;48.2389556;16.4848221
3794;Endemanngasse;48.1530753;16.2910914
3795;Filmteichstraße;48.1523502;16.3966345
3796;Gartenschaugasse;48.1493715;16.396365
3797;Bergtaidingweg;48.1467463;16.3972004
3798;Bergtaidingweg;48.1464466;16.3974609
3799;Gartenschaugasse;48.1488141;16.3968231
3809;Hödlgasse;48.1494973;16.2956369
3810;Ruzickagasse;48.1525959;16.2844978
3811;Lainzer Tor;48.1668635;16.2572788
3812;Jenbachgasse;48.1669054;16.2666752
3813;Kleiner Ring;48.1669354;16.2600995
3814;Kleiner Ring;48.1668395;16.2595695
3815;Jenbachgasse;48.1667976;16.2658577
3816;Dr.-Schober-Straße;48.1667017;16.2728826
3817;Zifferergasse;48.2271857;16.536044
3818;Wolfgang-Mühlwanger-Straße;48.2305189;16.5368345
3819;Krautackergasse;48.2306685;16.5339689
3820;Lehenstraße;48.2309736;16.5224795
3821;Oberlaa, Friedhof;48.1382464;16.4049349
3822;Krautackergasse;48.2304949;16.5339599
3823;Wolfgang-Mühlwanger-Straße;48.2302137;16.5369334
3824;Himmelteich;48.2255519;16.5206918
3825;Welthandelsplatz;48.2154489;16.4053661
3826;Aspern Nord  S U;48.2338518;16.5046299
3827;Barthgasse;48.1932968;16.4068753
3828;Hermine-Jursa-Gasse;48.1892905;16.4109536
3829;Maria-Jacobi-Gasse;48.1872543;16.4073963
3830;Neu Marx;48.1870207;16.4036144
3831;Maria-Jacobi-Gasse;48.1871704;16.4073334
3832;Hermine-Jursa-Gasse;48.1893384;16.4110165
3833;Baumgasse;48.1931711;16.4051056
3834;Schlachthausgasse U;48.1947819;16.4070729
3837;Paul-Wagner-Gasse;48.1688406;16.4608191
3838;Jedletzbergerstraße;48.1671151;16.4695507
3839;Paul-Wagner-Gasse;48.1689125;16.4608371
3840;Jedletzbergerstraße;48.167157;16.4696316
3842;Altes Landgut;48.1614469;16.3831238
3844;Attemsgasse;48.2478635;16.4343457
3845;Endemanngasse;48.1530933;16.2901122
3846;Atzgersdorf, Ziedlergasse;48.1514931;16.2952147
3847;Hietzing U;48.187961;16.3033983
3848;Großer Biberhaufen;48.2024103;16.4737189
3849;Oberlaaer Platz;48.1377248;16.4032281
3850;Rudolfsheim, Anschützgasse;48.190063;16.3232601
3851;Schottentor U;48.2137011;16.3628668
3852;Floridsdorf S U;48.2573979;16.3992486
3853;Matzleinsdorfer Platz S;48.1791744;16.3588962
3854;Eichenstraße;48.1816003;16.3478829
3855;;48.1537585;16.3491944
3857;Zentralfriedhof, 2.Tor;48.1538784;16.4414604
3862;Valentingasse;48.1481728;16.2629113
3863;Valentingasse;48.1480709;16.2629113
3865;Rodaun;48.1335163;16.2621746
3866;Rodaunbrücke;48.1388099;16.2672861
3867;An der Liesing;48.1390497;16.2642408
3868;Urban-Loritz-Platz;48.2013206;16.3375972
3869;Bahnhof Hütteldorf U;48.1980993;16.259875
3871;Gersthof S;48.2301718;16.3290632
3874;Gersthof S;48.2301;16.3292069
3875;Eduardgasse;48.2227091;16.3403101
3876;Johann-Nepomuk-Vogl-Platz;48.2238523;16.3369684
3877;Johann-Nepomuk-Vogl-Platz;48.2240438;16.3363126
3878;Eduardgasse;48.222763;16.3397442
3879;Nussdorf, Beethovengang;48.2595031;16.3625344
3880;Nussdorfer Friedhof;48.2604361;16.3582225
3881;Heiligenstädter Friedhof;48.2600354;16.3464186
3882;Ferdinand-Platzer-Gasse;48.2648854;16.4210058
3883;Ferdinand-Platzer-Gasse;48.2647957;16.420862
3884;Kaisergrund;48.2683955;16.4205297
3885;Kaisergrund;48.2684254;16.4204668
3886;Praterstern SU;48.2181724;16.391532
3887;Südwestfriedhof, 2. und 8. Tor;48.1611353;16.3030031
3888;Südwestfriedhof, 2. und 8. Tor;48.16062;16.3028504
3889;Mona-Lisa-Steiner-Weg;48.1593257;16.2958165
3890;Mona-Lisa-Steiner-Weg;48.1594156;16.2958704
3891;Emil-Behring-Weg;48.1614709;16.2957537
3892;Emil-Behring-Weg;48.1615068;16.295592
3893;Lavendelweg;48.2257614;16.4930057
3894;Lavendelweg;48.2258571;16.4930147
3895;Atzgersdorf, Bildungscampus;48.1527517;16.301449
3896;Gregorygasse;48.1569647;16.3055363
3897;Auer-Welsbach-Straße;48.1523022;16.3060484
3898;Seybelgasse;48.1376349;16.295035
3899;Seybelgasse;48.137497;16.2949811
3900;Schloss Alterlaa;48.1492336;16.3065694
3901;Auer-Welsbach-Straße;48.1523082;16.3062011
3902;Atzgersdorf, Bildungscampus;48.1517269;16.3005058
3903;Liesing S;48.1349072;16.2831234
3904;Käthe-Recheis-Gasse;48.2286578;16.5121488
3905;Ilse-Buck-Straße;48.2314404;16.5118793
3906;Käthe-Recheis-Gasse;48.2286698;16.5124093
3907;Ilse-Buck-Straße;48.2311591;16.5118883
3908;Neubaugasse, Burggasse;48.2043681;16.3489249
3911;Aspern Nord SU;48.2337681;16.5046389
3912;Atzgersdorf, Ziedlergasse;48.1506301;16.2960052
3913;Marietta-Blau-Gasse;48.2419111;16.459283
3914;An der Kuhtrift;48.1453137;16.3971196
3915;Dückegasse;48.24836;16.4278869
3917;Hans-Czermak-Gasse;48.2561778;16.4257938
3918;Satzingerweg;48.2576012;16.4265304
3919;Erna-Musik-Gasse;48.2561539;16.4260184
3938;Breitenfurter Straße, Willergasse;48.1380725;16.2572878
3939;Breitenfurter Straße, Willergasse;48.1378747;16.2568746
3940;Haselbrunnerstraße;48.1372812;16.2511882
3941;Haselbrunnerstraße;48.1371913;16.2511793
3942;Kalksburg, Kirchenplatz;48.1377368;16.244945
3943;Kalksburg, Kirchenplatz;48.1376469;16.2449629
3944;Gütenbachstraße;48.1381864;16.2413247
3945;Kalksburg, Lodererweg;48.1380126;16.2379022
3946;Obachgasse;48.2614228;16.4644213
3947;Breitenlee, Rautenweg;48.2559804;16.4905623
3948;Fuchsienweg;48.2585223;16.4927183
3949;Pelargonienweg;48.256746;16.4956288
3950;Breitenlee, Rautenweg;48.2559804;16.4904725
3951;Schillingstraße;48.2605377;16.4710599
3952;Aderklaaer Straße U;48.2635698;16.4517281
3953;Wassermanngasse;48.6945799;15.5787004
3954;Wassermanngasse;48.6945799;15.5787903
3955;Doderergasse;48.2705899;16.4532732
3956;Uhlirzgasse;48.2683775;16.4486739
3957;Egon-Friedell-Gasse;48.2735078;16.4363849
3958;Süßenbrunner Platz;48.2775912;16.4956737
3959;Richthausenstraße;48.2241635;16.3223977
3960;St.-Michael-Gasse;48.2666195;16.4395829
3961;Julius-Ficker-Straße;48.2668886;16.4483056
3962;Schillingstraße;48.2605377;16.4709701
3963;Obachgasse;48.2614228;16.4645112
3964;Julius-Ficker-Straße;48.2668527;16.4481349
3965;St.-Michael-Gasse;48.2666195;16.4396728
3966;Zentralfriedhof, 11.Tor;48.1517688;16.4294589
3968;Bhf. Zentralfriedhof S;48.1534709;16.4269346
3969;Bhf. Zentralfriedhof S;48.1535008;16.426764
3970;Zentralfriedhof 11. Tor;48.1517688;16.4294589
3971;Sängergasse;48.1526978;16.4696495
3972;Svetelskystraße;48.1542679;16.4655083
3973;Halblehenweg;48.7235788;15.0678375
3974;Halblehenweg;48.7235788;15.0679274
3975;Breitenlee, Schule;48.2512432;16.5015757
3976;Wildgartenallee;48.1584568;16.2992212
3977;Wildgartenallee;48.1585107;16.2992751
3989;Zentralfriedhof 3. Tor;48.1522423;16.4492937
3990;Zentralfriedhof 3. Tor;48.1522363;16.4491949
3991;Zentralfriedhof 3. Tor;48.1522303;16.4490063
3992;Zentralfriedhof 3. Tor;48.1522363;16.4491051
4101;Reumannplatz;48.1748734;16.3779854
4102;Kagran;48.2432692;16.4331959
4103;Keplerplatz;48.1792942;16.3762697
4104;Alte Donau;48.2380761;16.4243565
4105;Südtiroler Platz;48.1872003;16.3735837
4106;Kaisermühlen, V.I.C.;48.2327987;16.4162627
4107;Taubstummengasse;48.1937999;16.3704037
4108;Donauinsel;48.2292562;16.411286
4109;Karlsplatz;48.2012488;16.3689035
4110;Vorgartenstraße;48.2237086;16.401144
4111;Stephansplatz;48.208062;16.3716613
4112;Praterstern;48.2191061;16.391577
4113;Schwedenplatz;48.2118813;16.3780932
4114;Nestroyplatz;48.2153173;16.3854864
4115;Nestroyplatz;48.2152634;16.3855133
4116;Schwedenplatz;48.2119292;16.3780753
4117;Praterstern;48.2190642;16.3916398
4118;Stephansplatz;48.2081099;16.3715535
4119;Vorgartenstraße;48.2236787;16.4011889
4120;Karlsplatz;48.2012308;16.3689933
4121;Donauinsel;48.2291784;16.4113848
4122;Taubstummengasse;48.1937879;16.3702959
4123;Kaisermühlen, V.I.C.;48.2327209;16.4163525
4124;Südtiroler Platz;48.1871884;16.3735029
4125;Alte Donau;48.2380282;16.4244194
4126;Keplerplatz;48.1792582;16.3761169
4127;Kagran;48.2431974;16.4333037
4128;Reumannplatz;48.1748554;16.3778956
4129;Troststraße;48.168535;16.3804738
4130;Altes Landgut;48.1618304;16.3835191
4131;Alaudagasse;48.1535008;16.3823063
4132;Neulaa;48.1455775;16.3863038
4133;Oberlaa;48.1421728;16.4002098
4134;Oberlaa;48.1422208;16.4002367
4135;Neulaa;48.1456434;16.3863308
4136;Alaudagasse;48.1534948;16.3824321
4137;Altes Landgut;48.1618544;16.3836448
4138;Troststraße;48.168559;16.3805277
4181;Kagraner Platz;48.2503998;16.4434547
4182;Rennbahnweg;48.2575594;16.4496351
4183;Aderklaaer Straße;48.2634143;16.4516832
4184;Großfeldsiedlung;48.2710324;16.4479283
4185;Leopoldau;48.2775016;16.4518
4186;Kagraner Platz;48.2504237;16.4433558
4187;Rennbahnweg;48.2575893;16.4495542
4188;Aderklaaer Straße;48.2634143;16.4515485
4189;Großfeldsiedlung;48.2710085;16.4478205
4190;Leopoldau;48.2775554;16.451782
4201;Schottenring;48.2173763;16.3721015
4202;Karlsplatz;48.2010332;16.3692269
4203;Schottentor;48.2150898;16.3628398
4204;Museumsquartier;48.2029132;16.3610612
4205;Rathaus;48.2107439;16.3555186
4206;Volkstheater;48.2051165;16.3580878
4209;Volkstheater;48.2053679;16.3575847
4210;Rathaus;48.2098639;16.3554198
4211;Museumsquartier;48.2028593;16.3609803
4212;Schottentor;48.2150239;16.3628937
4213;Karlsplatz;48.2009614;16.3691999
4214;Schottenring;48.2172506;16.3722632
4251;Aspernstraße;48.2226254;16.4747879
4252;Donauspital;48.2196029;16.4656341
4253;Hardeggasse;48.2210752;16.4571989
4254;Stadlau;48.2196568;16.4489973
4255;Donaumarina;48.2063198;16.4312106
4256;Donaustadtbrücke;48.2117017;16.4398973
4257;Stadion;48.2108876;16.4202871
4258;Krieau;48.2147785;16.4138552
4259;Messe;48.2177953;16.4050068
4260;Praterstern;48.2186273;16.3933736
4261;Taborstraße;48.2192198;16.3813451
4262;Taborstraße;48.219166;16.3813721
4263;Praterstern;48.2185495;16.3933466
4264;Messe;48.2177414;16.4049888
4265;Krieau;48.2146588;16.4137204
4266;Stadion;48.2108158;16.4201703
4267;Donaustadtbrücke;48.2116478;16.4399782
4268;Donaumarina;48.2062181;16.4313184
4269;Stadlau;48.219573;16.4490781
4270;Hardeggasse;48.2209376;16.4571719
4271;Donauspital;48.2195131;16.4656071
4272;Aspernstraße;48.2225775;16.4749406
4274;Hausfeldstraße;48.233409;16.4856845
4275;Aspern Nord;48.2344921;16.5047467
4276;Seestadt;48.2261264;16.508331
4277;Seestadt;48.2260905;16.5085017
4278;Aspern Nord;48.2346058;16.5047287
4279;Hausfeldstraße;48.2335108;16.4856755
4280;Oberes Hausfeld;48.2187769;16.3825219
4401;Hütteldorf;48.1969676;16.2607284
4402;Heiligenstadt;48.2488804;16.365984
4403;Ober St. Veit;48.1922129;16.2760716
4404;Friedensbrücke;48.227808;16.3639178
4405;Unter St. Veit;48.1910572;16.2862315
4406;Roßauer Lände;48.2223441;16.3675291
4407;Braunschweiggasse;48.1893504;16.2958165
4408;Schottenring;48.2165862;16.3719308
4409;Hietzing;48.1875178;16.3048087
4410;Schwedenplatz;48.2118274;16.3781112
4411;Schönbrunn;48.1860265;16.3188763
4412;Landstraße;48.2069125;16.3848037
4413;Meidling, Hauptstraße;48.1836128;16.3278505
4414;Stadtpark;48.2028773;16.3796383
4415;Margaretengürtel;48.188464;16.3430589
4416;Karlsplatz;48.2003925;16.3696581
4417;Pilgramgasse;48.1921471;16.3543418
4418;Kettenbrückengasse;48.1966622;16.3580788
4419;Kettenbrückengasse;48.1966083;16.3580967
4420;Pilgramgasse;48.192159;16.3542609
4421;Karlsplatz;48.2003446;16.3696311
4422;Margaretengürtel;48.1885359;16.34305
4423;Stadtpark;48.2028055;16.3797461
4424;Meidling Hauptstraße;48.1836966;16.3278505
4425;Landstraße;48.2068886;16.3849025
4426;Schönbrunn;48.1861043;16.3189122
4427;Schwedenplatz;48.2118753;16.3781382
4428;Hietzing;48.1875717;16.3048177
4429;Schottenring;48.2166341;16.3720206
4430;Braunschweiggasse;48.1894342;16.2958525
4431;Roßauer Lände;48.222356;16.3676189
4432;Unter St. Veit;48.1911051;16.2862405
4433;Friedensbrücke;48.2278619;16.3640256
4434;Ober St. Veit;48.1922788;16.2760806
4435;Heiligenstadt;48.2488446;16.3661097
4436;Hütteldorf;48.1970334;16.2607643
4437;Längenfeldgasse;48.1848286;16.335028
4438;Längenfeldgasse;48.1848825;16.3349292
4439;Spittelau;48.2348631;16.3585998
4440;Spittelau;48.2348571;16.35851
4603;Nußdorfer Straße;48.2313327;16.3523475
4604;Währinger Straße - Volksoper;48.2256776;16.3494909
4605;Michelbeuern - AKH;48.2213146;16.3442896
4606;Alser Straße;48.2168376;16.3417564
4607;Josefstädter Straße;48.2116897;16.3391423
4608;Thaliastraße;48.2076788;16.3378757
4609;Burggasse - Stadthalle;48.2032844;16.337148
4610;Westbahnhof;48.1969257;16.3391064
4611;Gumpendorfer Straße;48.1908296;16.3375343
4612;Längenfeldgasse;48.1849185;16.3348663
4613;Niederhofstraße;48.1808156;16.3311293
4614;Bahnhof Meidling;48.1735135;16.3313539
4615;Bahnhof Meidling;48.1735255;16.3314347
4616;Niederhofstraße;48.1808156;16.3311832
4617;Längenfeldgasse;48.1847867;16.3351178
4618;Gumpendorfer Straße;48.1908296;16.3375972
4619;Westbahnhof;48.1969436;16.3391962
4620;Burggasse - Stadthalle;48.2032904;16.3372738
4621;Thaliastraße;48.2076609;16.3379475
4622;Josefstädter Straße;48.2116897;16.3392501
4623;Alser Straße;48.2168017;16.3419001
4624;Michelbeuern - AKH;48.2212847;16.3443435
4625;Währinger Straße - Volksoper;48.2256656;16.3495627
4626;Nußdorfer Straße;48.2312788;16.3523745
4627;Spittelau;48.2355691;16.3580967
4629;Tscherttegasse;48.1647664;16.3274822
4630;Am Schöpfwerk;48.1610574;16.3244279
4631;Alterlaa;48.15072;16.3168102
4632;Erlaaer Straße;48.1422987;16.3164958
4633;Perfektastraße;48.1366817;16.3132528
4634;Siebenhirten;48.1301348;16.3096955
4635;Siebenhirten;48.1301168;16.3098123
4636;Perfektastraße;48.1366637;16.3133157
4637;Erlaaer Straße;48.1422867;16.3165946
4638;Alterlaa;48.150714;16.3169359
4639;Am Schöpfwerk;48.1610335;16.3245087
4640;Tscherttegasse;48.1647185;16.32759
4641;Jägerstraße;48.2351862;16.3686969
4642;Dresdner Straße;48.2372145;16.3800875
4643;Handelskai;48.2418274;16.385702
4644;Neue Donau;48.2463979;16.3948199
4645;Floridsdorf;48.2561897;16.4005152
4646;Floridsdorf;48.2562196;16.4004074
4647;Neue Donau;48.2464159;16.3947929
4648;Handelskai;48.2418872;16.3856481
4649;Dresdner Straße;48.2372504;16.3800426
4650;Jägerstraße;48.235252;16.3686969
4651;Spittelau;48.2356648;16.3580698
4701;Ring, Volkstheater U (Bedarfs-Hst.);48.2063318;16.3607468
4703;Raffaleg. / Wallensteinpl.;48.2306026;16.3724608
4704;Gräßlplatz;48.1755323;16.3993653
4708;Anastasius-Grün-Gasse;48.2298846;16.3497514
4709;Währinger Gürtel;48.2255339;16.3493022
4710;Rosensteingasse (Einschübe);48.2192438;16.3263323
4711;Lorenz-Bayer-Platz;48.2143655;16.3258832
4717;Peitlgasse;48.2623857;16.3998864
4718;Brünner Straße / Hanreitergasse;48.2828939;16.4121753
4723;Breitensee S;48.1985124;16.3065784
4727;Dörfelstraße;48.175754;16.3356299
4730;Matthäusgasse;48.2110672;16.3885227
4732;Zentralfriedhof 3.Tor;48.1523142;16.4499495
4733;Zentralfriedhof 3.Tor;48.152482;16.4496081
4734;Simmeringer Hauptstraße;48.1497371;16.4572708
4735;Simmeringer Hauptstraße;48.149779;16.4574594
4737;Neuwaldegg;48.2332954;16.2915855
4802;Raxstraße, Betriebsgarage;48.1631726;16.3669901
4803;Arthaberplatz;48.1718661;16.3720566
4804;Quellenplatz;48.1752568;16.3735478
4805;Laxenburger Straße / Gudrunstraße;48.1788988;16.3739071
4806;Columbusplatz;48.1822951;16.3737634
4807;Hauptbahnhof S U;48.185188;16.3737364
4808;Hauptbahnhof S U;48.185188;16.3735747
4809;Laxenburger Straße / Gudrunstraße;48.1786892;16.3736017
4810;Quellenplatz;48.1760894;16.373422
4811;Raxstraße, Betriebsgarage;48.1629629;16.3672775
4816;Großbauerstraße;48.2809271;16.4262879
4817;Großbauerstraße;48.2810048;16.4263058
4818;Agnesgasse Prov.;48.2501007;16.3079887
4822;Lusthaus;48.1908236;16.4400051
4823;Freudenau, Rennplatz;48.185176;16.4445237
4824;Freudenau, Rennplatz;48.1852359;16.4446854
4825;Lusthaus;48.1908775;16.4401399
4829;Reumannplatz U;48.1730283;16.378776
4834;Ottakringer Bad;48.2115042;16.2888546
4836;Laaer Berg, Kurpark Nordosteingang;48.1517209;16.4065159
4837;Hederichgasse;48.1527936;16.4055188
4838;Burgenlandgasse;48.1526498;16.4034257
4840;Laimgrubengasse;48.1992908;16.3591837
4841;Laimgrubengasse;48.1992429;16.3596149
4842;Absbergbrücke;48.1679179;16.3861691
4843;Resselgasse;48.1987579;16.3677806
4900;Erdberg;48.1914285;16.4142235
4901;Schlachthausgasse;48.1944945;16.4067226
4902;Kardinal-Nagl-Platz;48.1972131;16.4005871
4903;Rochusgasse;48.2024522;16.3916398
4904;Landstraße;48.2058289;16.3856121
4905;Stubentor;48.2069904;16.379279
4906;Stephansplatz;48.208044;16.3715445
4907;Herrengasse;48.209367;16.3651126
4908;Volkstheater;48.2056314;16.3590849
4909;Volkstheater;48.2055835;16.3591657
4910;Herrengasse;48.2092952;16.3651216
4911;Stephansplatz;48.2080021;16.3714996
4912;Stubentor;48.2068706;16.3792521
4913;Landstraße;48.205775;16.3855762
4914;Rochusgasse;48.2024043;16.3915859
4915;Kardinal-Nagl-Platz;48.1971412;16.4004972
4916;Schlachthausgasse;48.1944406;16.4066776
4917;Erdberg;48.1913746;16.4141516
4918;Neubaugasse;48.1992429;16.3524643
4919;Zieglergasse;48.1971951;16.34623
4920;Westbahnhof;48.1958897;16.3384326
4921;Westbahnhof;48.1958239;16.3384506
4922;Zieglergasse;48.1970933;16.3463019
4923;Neubaugasse;48.1991711;16.3525272
4924;Schweglerstraße;48.197746;16.328623
4925;Johnstraße;48.1976622;16.3205651
4926;Johnstraße;48.1975664;16.3205472
4927;Schweglerstraße;48.1976442;16.328614
4928;Hütteldorfer Straße;48.1998177;16.3114562
4929;Kendlerstraße;48.2045657;16.3092194
4930;Ottakring;48.2115521;16.311591
4931;Ottakring;48.21157;16.3114382
4932;Kendlerstraße;48.2045836;16.3090757
4933;Hütteldorfer Straße;48.1997818;16.3113664
4934;Gasometer;48.1848825;16.4171789
4935;Zippererstraße;48.1802825;16.4118609
4936;Enkplatz;48.1746697;16.4147086
4937;Simmering;48.1704702;16.4194427
4938;Simmering;48.1705421;16.4195774
4939;Enkplatz;48.1747476;16.4147894
4940;Zippererstraße;48.1802526;16.4119597
4941;Gasometer;48.1848346;16.4172867
5001;Bleibtreustraße;48.1779704;16.4488266
5002;Wildpretstraße;48.1770958;16.4542255
5003;11. Haidequerstraße;48.1753946;16.4627056
5004;Margetinstraße;48.1756162;16.4660114
5005;Alberner Hafenzufahrtsstraße West;48.1734716;16.4703053
5006;Alberner Hafenzufahrtsstraße;48.171896;16.4728475
5007;Freudenauer, Hafenbrücke;48.1705061;16.4763959
5009;Alberner Hafen;48.1583969;16.4946407
5010;Mannswörther Straße;48.1585886;16.4905533
5011;Sendnergasse;48.1598051;16.4847861
5012;Alberner Straße;48.1563654;16.4844628
5013;Kaiserebersdorf, Münnichplatz;48.1588942;16.474204
5014;Kaiserebersdorf, Münnichplatz;48.159056;16.4741501
5015;Alberner Straße;48.1563714;16.4845885
5020;Freudenauer, Hafenbrücke;48.1705421;16.4765666
5021;Alberner Hafenzufahrtsstraße;48.1723513;16.4721019
5022;Alberner Hafenzufahrtsstraße West;48.173178;16.4705029
5023;Margetinstraße;48.1756342;16.466182
5024;11. Haidequerstraße;48.1755803;16.4626606
5025;Wildpretstraße;48.1771797;16.4542524
5026;Bleibtreustraße;48.1780123;16.4492668
5027;7. Haidequerstraße;48.1790965;16.4429067
5028;1. Haidequerstraße Mitte;48.1825766;16.4293421
5034;Alberner Hafenzufahrtsstraße;48.1719679;16.4722906
5038;Döblerhofstraße;48.1853138;16.4153643
5041;Landwehrstraße;48.1688526;16.4703772
5042;Artillerieplatz;48.1634482;16.4728116
5043;Kaiserebersdorf, Zinnergasse;48.1608837;16.4707634
5044;Kaiserebersdorf, Zinnergasse;48.1608237;16.4710868
5045;Artillerieplatz;48.1644908;16.4727577
5046;Landwehrstraße;48.1692001;16.4707814
5053;Albern;48.1599908;16.485388
5054;Fabianistraße;48.1630468;16.4797376
5055;Warneckestraße;48.1649641;16.4801598
5056;Warneckestraße;48.1649821;16.480043
5057;Fabianistraße;48.1630647;16.4795669
5058;Albern;48.1603504;16.4851095
5060;Neu Albern;48.1688046;16.4804293
5061;Neu Albern;48.1688825;16.4805371
5063;Ober St. Veit U, Franz-Boos-Gasse;48.1919435;16.2751104
5065;Oberlaa U;48.1431679;16.3986736
5066;Oberlaa U;48.1432218;16.3981436
5067;Seitenhafenbrücke;48.179408;16.4612862
5068;Seitenhafenbrücke;48.1794559;16.4613761
5069;Atzgersdorf, Bildungscampus;48.1531352;16.3007393
5070;Floridsdorf S U;48.2561419;16.400605
5071;Spinnerin am Kreuz;48.1706559;16.3504072
5072;Rennbahnweg U;48.2572663;16.4501022
5082;Leopoldine-Padaurek-Straße;48.4036711;15.386434
5083;Leopoldine-Padaurek-Straße;48.4036711;15.3865238
5196;Simonygasse;48.2276106;16.3282637
5197;Czartoryskigasse;48.227808;16.3275361
5198;Inzersdorf, Friedhof;48.1467163;16.3530752
5199;Per-Albin-Hansson-Siedlung;48.1527157;16.381974
5200;Cobenzl-Parkplatz;48.2640482;16.3215263
5201;Börse;48.2157183;16.3663253
5203;Bahnhof Hütteldorf U;48.1977101;16.2616177
5205;Bahnhof Heiligenstadt S U;48.2491736;16.3646634
5206;Bahnhof Heiligenstadt S U;48.2501845;16.3650677
5208;Zentraltanklager;48.1780662;16.4943891
5210;Sendnergasse;48.159877;16.4853251
5211;Mannswörther Straße;48.1586545;16.4898976
5212;Alberner Hafen;48.1583369;16.4947125
5217;Mayredergasse;48.2380881;16.5047018
5225;Lavantgasse, Schule;48.2822782;16.450201
5226;Zentralfriedhof, 3. Tor;48.1526019;16.4479642
5227;Erzherzog-Karl-Straße S;48.22934;16.4536326
5230;Per-Albin-Hansson-Siedlung;48.1529495;16.381938
5231;Küniglberg, ORF-Zentrum;48.1755144;16.2917023
5234;Hausfeldstraße  U;48.2339236;16.4861246
5235;Neue Donau U;48.2464876;16.395278
5237;Josef-Prangl-Straße;48.1345834;16.3565516
5238;Inzersdorf, Großmarkt;48.1356805;16.3578991
5240;Pensionistenwohnhaus Atzgersdorf;48.1506181;16.2898877
5241;Aspern Nord  U;48.2337681;16.5046389
5242;Ober St. Veit U, Franz-Boos-Gasse;48.1920093;16.2751194
5400;Schönbrunn;48.1854695;16.317457
5402;Längenfeldgasse U;48.185727;16.3352346
5403;Pilgramgasse;48.1929555;16.3550425
5407;Karlsplatz U;48.2003267;16.3673135
5408;Kettenbrückengasse;48.1973987;16.3593364
5409;Pilgramgasse;48.1931771;16.3539735
5410;Spengergasse;48.1846669;16.3577734
5411;Kempfengerngasse;48.2185854;16.295062
5412;Bernhardtstalgasse;48.1762751;16.3608636
5421;Margaretengürtel;48.187398;16.3438584
5423;Neubaugasse, Burggasse;48.2042603;16.3490417
5430;Neubaugasse U;48.1982909;16.3502904
5431;Hintere Zollamsstraße;48.211151;16.3868608
5432;Praterstern SU;48.2110432;16.3870584
5501;Schwedenplatz U;48.2119711;16.3772758
5502;Schwedenplatz U;48.2119232;16.3774285
5503;Schwedenplatz;48.2119711;16.3772937
5504;Schwedenplatz;48.2119831;16.3772758
5505;Schwedenplatz;48.212019;16.3773297
5506;Schwedenplatz;48.2119711;16.3772937
5507;Schwedenplatz U;48.2119831;16.3772937
5508;Schwedenplatz;48.2117855;16.3780573
5509;Kaisermühlen Vienna-International-Center;48.2318473;16.4165681
5510;Kagraner Brücke;48.2394941;16.4308513
5518;Martin-Gaunersdorfer-Gasse;48.2606932;16.4516024
5520;Kaisermühlen Vienna-International-Center;48.2322602;16.4166579
5521;Vorgartenstraße;48.2240378;16.401701
5524;Reichsbrücke;48.2298546;16.4124538
5525;Gredlerstraße;48.2143475;16.3799438
5526;Mühlschüttel;48.2491676;16.4108009
5527;Scheffelstraße;48.2517636;16.4052763
5528;Fickeysstraße;48.1670132;16.4237816
5529;Liechtenwerder Platz;48.2324756;16.3556174
5530;Friedrich-Engels-Platz;48.2444298;16.3794317
5533;Nordbrücke / Gebauergasse;48.2629538;16.3951343
5535;Lokomotivgasse;48.2714689;16.3956912
5536;Trillergasse;48.2742073;16.4034617
5538;Matthäus-Jiszda-Straße;48.2542997;16.3943527
5539;Friedrich-Engels-Platz;48.2442443;16.3782819
5542;Matthäus-Jiszda-Straße;48.2541442;16.3945324
5544;Jedlersdorf S;48.2732985;16.3978831
5545;Schottenring, Herminengasse;48.2172865;16.3736196
5546;Obere Augartenstraße;48.2233316;16.3736017
5547;Gaußplatz;48.226671;16.370206
5548;Simmering S U;48.1703803;16.4203051
5549;Stammersdorf B7;48.2979619;16.4202242
5557;Morelligasse;48.2505852;16.4039288
5558;Broßmannplatz;48.2521225;16.3981616
5559;Am Spitz;48.2575295;16.3976855
5560;Broßmannplatz;48.2518414;16.398494
5561;Längenfeldgasse;48.1846789;16.3355939
5564;Urban-Loritz-Platz;48.2009434;16.3372468
5568;Schottentor U;48.2140722;16.3605941
5569;Schottenring;48.2167778;16.3720027
5570;Kettenbrückengasse;48.1965424;16.3591298
5573;Karlsplatz U;48.2003686;16.365957
5574;Kettenbrückengasse;48.1972191;16.3584471
5575;Brückengasse;48.1895061;16.3482871
5576;Margaretengürtel;48.1888653;16.3426547
5577;Längenfeldgasse;48.1854276;16.3348304
5580;Hietzing U;48.1872902;16.3045212
5581;Schloss Schönbrunn;48.186823;16.3136212
5584;Stiegergasse;48.1881227;16.3335638
5585;Morelligasse;48.250322;16.4043869
5586;Theodor Körner Gasse;48.2497119;16.4075041
5587;Alaudagasse U;48.1528596;16.3818302
5589;Jochen-Rindt-Straße;48.146063;16.3547909
5590;Kirchfeldgasse;48.1592837;16.3081055
5591;Gregorygasse;48.1571145;16.305159
5592;Kunerolgasse;48.154178;16.3017544
5593;Gerbergasse;48.1492996;16.2990056
5596;Laurenzgasse;48.1859905;16.36328
5599;Silbergasse;48.2428923;16.3479458
5600;Oper, Karlsplatz >;48.2026378;16.3682657
5601;Oper, Karlsplatz >;48.2025839;16.3685352
5602;Oper, Karlsplatz >;48.20253;16.3688226
5603;Oper, Karlsplatz >;48.2024702;16.3690921
5604;Oper, Karlsplatz >;48.2024402;16.3692089
5605;Oper, Karlsplatz U;48.2027935;16.3683196
5606;Oper, Karlsplatz >;48.2025959;16.3692089
5607;Oper, Karlsplatz >;48.2024582;16.3684813
5608;Zieglergasse;48.1972011;16.3461941
5609;Zieglergasse;48.1970394;16.3458707
5610;Meidling, Hauptstraße;48.184056;16.3298357
5611;Dommayergasse;48.1864278;16.2989517
5612;Schwenkgasse;48.1721596;16.3194602
5614;Schwenkgasse;48.1723274;16.3199183
5615;Edelsinnstraße;48.1706559;16.3111688
5616;Spinnerin am Kreuz;48.1703683;16.3505689
5617;Kundratstraße;48.1751669;16.3546203
5618;Kundratstraße;48.1759577;16.3557701
5619;Gumpendorfer Straße;48.1908416;16.3370582
5620;Hans-Mandl-Berufsschule;48.1816482;16.3384596
5621;Hans-Mandl-Berufsschule;48.1816482;16.3383608
5623;Laurenzgasse;48.1852239;16.3622559
5624;Himberger Straße;48.1433896;16.3821267
5627;Belvederegasse;48.1899612;16.3721464
5628;Resselgasse;48.1977879;16.3676728
5629;Oberlaaer Straße;48.1477412;16.3623997
5630;Litfaßstraße;48.1839063;16.4055008
5631;Molitorgasse;48.1816242;16.4082317
5632;Zippererstraße;48.1795458;16.4106123
5633;Hauffgasse;48.1773115;16.4131365
5634;Enkplatz, Grillgasse;48.174478;16.416065
5636;Simmering;48.1703623;16.4202152
5637;Bahnhof Simmering (Bedarf);48.1661625;16.4244912
5643;Florian-Hedorfer-Straße;48.1652098;16.4309232
5644;Grillgasse;48.1741066;16.41664
5645;Hauffgasse;48.1773474;16.4131904
5646;Zippererstraße;48.1795997;16.4107201
5647;Molitorgasse;48.1816841;16.4083575
5648;Litfaßstraße;48.1845052;16.4049619
5649;Geringergasse;48.1681576;16.4257758
5653;Matzleinsdorferplatz;48.1808336;16.3581686
5654;Eichenstraße;48.1810133;16.3489878
5655;Arbeitergasse, Gürtel;48.1854755;16.3450083
5656;Gaudenzdorfer Gürtel;48.1871644;16.3437057
5657;Gumpendorfer Straße;48.1908655;16.3381002
5658;Westbahnhof;48.1967879;16.3396543
5659;Urban-Loritz-Platz;48.2014284;16.3379745
5660;Thaliastraße;48.2086068;16.3390075
5661;Josefstädter Straße;48.2112887;16.3396813
5662;Alser Straße;48.2165383;16.3421247
5663;Währinger Straße;48.224355;16.3495897
5664;Nußdorfer Straße;48.2315002;16.3538028
5665;Währinger Straße;48.2250133;16.3489878
5666;Alser Straße;48.2171429;16.3414689
5667;Josefstädter Straße;48.2117316;16.3385674
5668;Thaliastraße;48.208511;16.3379924
5669;Westbahnhof;48.1974706;16.3383338
5670;Gumpendorfer Straße;48.190093;16.3372738
5671;Gaudenzdorfer Gürtel;48.1869249;16.3427176
5672;Arbeitergasse, Gürtel;48.1837685;16.3454934
5673;Eichenstraße;48.181199;16.3476673
5674;Matzleinsdorfer Platz;48.1802106;16.3576476
5675;Matzleinsdorfer Platz;48.1783358;16.3576835
5677;Svetelskystraße;48.1538844;16.4659125
5678;Schwarzenbergplatz;48.2004105;16.3751917
5679;Perfektastraße;48.1364599;16.3129025
5680;Talpagasse;48.1321014;16.3094889
5681;Ketzergasse;48.1281022;16.3073419
5682;Siebenhirten U;48.1295172;16.3097853
5687;Speising, Hermesstraße;48.167906;16.2822969
5688;Johann-Strauß-Gasse;48.1892965;16.3656246
5691;Auerspergstraße;48.2067689;16.3553659
5692;Volkstheater;48.2049728;16.3580967
5693;Museumsquartier;48.2023025;16.3616361
5694;Maroltingergasse;48.2134078;16.3071713
5695;Lorenz Mandl Gasse;48.2131803;16.3079977
5696;Bergmillergasse;48.2017337;16.2569375
5697;Bahnhof Hütteldorf SU;48.1978059;16.2611236
5698;Bergmillergasse;48.201147;16.2567578
5700;Taubstummengasse;48.1946442;16.3700533
5701;Taubstummengasse;48.1947819;16.3696401
5702;Asperner Heldenplatz;48.2169932;16.4831871
5703;Kapellenweg;48.2187889;16.4698382
5704;Donauspital U;48.2194712;16.4647178
5705;Langobardenstraße;48.2246662;16.4549531
5706;Siebeckstraße;48.2422402;16.4340313
5707;Praterstern;48.2186153;16.3905169
5708;Nestroyplatz;48.214982;16.3847767
5709;Nestroyplatz;48.2145092;16.3842467
5710;Praterstern;48.2168436;16.3923136
5711;Vorgartenstraße;48.2241575;16.4021052
5712;Rennbahnweg;48.2574756;16.4484493
5713;Siebeckstraße;48.2415462;16.4342469
5714;Rennbahnweg U;48.2571766;16.4495632
5715;Martin-Gaunersdorfer-Gasse;48.2610042;16.4512161
5717;Otto-Probst-Straße;48.1561856;16.3548269
5719;Sibeliusstraße;48.1594395;16.3610073
5721;Raxstraße, Rudolfshügelgasse;48.1654375;16.3633699
5722;Sibeliusstraße;48.1597991;16.3608725
5723;Frödenplatz;48.1556583;16.3583842
5724;Otto-Probst-Straße;48.1563115;16.3548179
5725;Johannesgasse;48.2014284;16.3796922
5726;Strebersdorf, Edmund-Hawranek-Platz;48.2908857;16.3855852
5727;Gladiolenweg;48.2375855;16.4793783
5728;Am Heidjöchl;48.2370889;16.4877506
5729;Neu Breitenlee;48.2397812;16.4905893
5730;Prinzgasse;48.2399906;16.4809503
5732;Stammersdorf;48.2980933;16.4203949
5733;Van-Swieten-Kaserne;48.2930015;16.4181132
5734;Anton-Schall-Gasse;48.2885008;16.415535
5735;Empergasse;48.28608;16.4141067
5736;Brünner Straße / Hanreitergasse;48.283934;16.4127952
5737;Floridsdorf S U;48.2568476;16.3990509
5738;Matthäus-Jiszda-Straße;48.2541263;16.3964997
5739;Brünner Straße / Hanreitergasse;48.2843046;16.413415
5740;Empergergasse;48.2860142;16.4143762
5741;Anton-Schall-Gasse;48.2884649;16.4156788
5742;Van-Swieten-Kaserne;48.2933302;16.4183827
5743;Eßling, Schule;48.214599;16.5262614
5744;Neuwaldegg;48.2342288;16.2905165
5745;Julius-Tandler-Platz, Franz-Josefs-Bahnhof;48.2250731;16.3617798
5746;Nußdorfer Platz;48.2598261;16.3671697
5747;Lichtentalergasse;48.2270779;16.3562911
5748;Julius-Tandler-Platz, Franz-Josefs-Bahnhof;48.2253484;16.361681
5749;Sieveringer Straße;48.2454707;16.3433913
5750;Paradisgasse;48.2489702;16.3418822
5753;Offenbachgasse;48.2148504;16.4140977
5755;Pensionistenwohnhaus Prater;48.2137789;16.4180144
5756;Michelbeuern;48.2220807;16.3438674
5757;Michelbeuern;48.2200039;16.3436788
5758;Siebenhirten, Baslergasse;48.1299609;16.3088691
5759;Donauinsel;48.2282928;16.4093726
5760;Donauinsel;48.2283047;16.4100104
5761;Sechshauser Gürtel;48.1885958;16.3386303
5763;Glatzgasse;48.2320926;16.3535243
5766;An den langen Lüssen;48.2524395;16.341981
5767;Westbahnhof, Gerstnerstraße;48.1955125;16.338783
5772;Westbhahnhof >;48.1973328;16.3388997
5773;Neubaugasse;48.1983807;16.3502545
5774;Neubaugasse;48.1982011;16.3498502
5775;Museumsquartier;48.2021588;16.3608186
5777;Sechshauser Gürtel;48.1883203;16.338253
5778;Weißenböckstraße;48.1626154;16.4283719
5779;Penzinger Straße;48.1904044;16.3157861
5780;Penzinger Straße;48.1900571;16.3143398
5784;Trontheimgasse;48.2178611;16.4767462
5785;Steigenteschgasse;48.2453331;16.4390619
5786;Gersthof;48.2317934;16.3290362
5787;Leopoldauer Platz;48.2636774;16.4413077
5788;Leopoldauer Platz;48.2632648;16.4414335
5789;Stadion;48.2109475;16.4221197
5790;Donaumarina U;48.2061283;16.4303572
5791;Hütteldorf, Bujattigasse;48.2027695;16.2551318
5792;Wolfersberggasse;48.203973;16.252374
5793;Utendorfgasse;48.2037814;16.2487269
5794;Samptwandergasse;48.2034102;16.2447024
5795;Wolf in der Au <;48.2047692;16.2366535
5796;Mariabrunn Kirche;48.2078405;16.2309672
5797;Badgasse;48.2088283;16.2248227
5799;Mariabrunn Kirche;48.2076908;16.231039
5810;Wolf in der Au S;48.2046615;16.2359528
5811;Samptwandergasse;48.2032904;16.2447204
5812;Utendorfgasse;48.2036736;16.2487538
5813;Wolfersberggasse;48.2039131;16.2511074
5814;Hütteldorf, Bujattigasse;48.2024402;16.2553205
5815;Weißenböckstraße;48.1625375;16.4283091
5816;Wienflussaufsicht;48.2062061;16.2332848
5817;Wienflussaufsicht;48.2061582;16.2331501
5818;Martin-Gaunersdorfer-Gasse;48.2609265;16.4512341
5819;Am Schöpfwerk, Eibesbrunnergasse;48.1605002;16.330258
5820;Am Schöpfwerk, Eibesbrunnergasse;48.1605181;16.3296471
5821;Auhof;48.2071999;16.2210408
5822;Badgasse;48.208505;16.2236908
5823;Frederick-Loewe-Weg;48.2380881;16.4814983
5824;Donaumarina, Chrastekgasse;48.2078165;16.4284618
5825;Aspernallee;48.1970155;16.4450537
5826;Dammhaufengasse;48.1957101;16.447012
5827;Grünhaufenbrücke;48.1923926;16.4519617
5828;Freudenauer Hafenstraße;48.1827862;16.465688
5829;Winterhafen;48.1806419;16.4689219
5830;Hafen Freudenau;48.1784556;16.4724702
5831;Kraftwerk Freudenau;48.1745739;16.4788303
5832;Freudenauer, Hafenbrücke;48.1698771;16.476333
5833;Freudenauer, Hafenbrücke;48.169931;16.4761623
5834;Kraftwerk Freudenau;48.1745259;16.4791627
5835;Hafen Freudenau;48.1787731;16.4722457
5836;Winterhafen;48.1807138;16.4690297
5837;Freudenauer Hafenstraße;48.1833073;16.4651849
5838;Grünhaufenbrücke;48.1921411;16.4524827
5839;Dammhaufengasse;48.1957999;16.4471467
5840;Hellingstraße;48.1875118;16.4560131
5841;Seitenhafenstraße;48.1826365;16.4579894
5842;Hellingstraße;48.1874878;16.4562107
5843;Seitenhafenstraße;48.1826485;16.4580972
5844;Pfaffenaugasse;48.1712849;16.4601364
5845;Pfaffenaugasse;48.171243;16.4602532
5846;Westbahnhof S U;48.1968598;16.3383248
5847;Berresgasse;48.241253;16.4855497
5848;Grete-Zimmer-Gasse;48.2419709;16.4890082
5849;Grete-Zimmer-Gasse;48.2420547;16.4890352
5850;Berresgasse;48.2413188;16.4856126
5900;Schedifkaplatz;48.1732919;16.3306352
5901;Schöpfwerk;48.1635141;16.3314347
5902;Gutheil-Schoder-Gasse;48.1597451;16.3353604
5903;Inzersdorf Personenbahnhof;48.149809;16.3341656
5904;Neu Erlaa;48.1404284;16.3280032
5905;Schönbrunner Allee;48.1357105;16.324913
5937;Schönbrunner Allee;48.1356746;16.3250387
5938;Neu Erlaa;48.1414235;16.3280661
5939;Inzersdorf Personenbahnhof;48.1497491;16.3342734
5940;Gutheil-Schoder-Gasse;48.1597871;16.335558
5941;Schöpfwerk;48.16358;16.3315336
5942;Schedifkaplatz;48.173214;16.3305813
5943;Karlsplatz;48.2020032;16.3706372
5951;Rennbahnweg;48.2571228;16.4488805
5952;Aderklaaer Straße;48.2630614;16.4513958
5953;Aderklaaer Straße;48.2628222;16.4511892
5954;Rennbahnweg;48.2571527;16.4488086
5961;Kagraner Platz U;48.2511296;16.4435086
5962;Reumannplatz U;48.1736094;16.3793689
5971;Urania;48.2025839;16.2554912
6003;Bahnhof Brigittenau;48.235976;16.3666757
6004;Bahnhof Gürtel;48.2309258;16.3500299
6008;Bahnhof Rudolfsheim;48.1901948;16.3223168
6009;Bahnhof Speising;48.1707098;16.2898158
6010;Bahnhof Favoriten;48.1783178;16.3730357
6403;Bahnhof Brigittenau Kurzführung;48.235982;16.3656246
6405;Bhf Hernals Kurzführung;48.2224099;16.3212568
6406;Bhf.Otg.-Bedarf (Einzieher);48.208942;16.304126
6407;Bahnhof Rudolfsheim Kurzführung;48.1902247;16.3225414
6409;Bahnhof Favoriten Kurzführung;48.1758139;16.3701252
6501;Bahnhof Kagran;48.2441605;16.4343907
6502;Bahnhof Floridsdorf;48.2630674;16.3994013
7008;Bhf.Rdh. / Halle III - A;48.19059;16.3226762
7041;Heiligenstadt;48.2489702;16.3657414
7050;Ottakring;48.2117915;16.3112406
7301;Linzer Straße, Lützowgasse;48.1943927;16.2960052
7302;Hütteldorfer Straße, Lützowgasse;48.1973029;16.2951338
7304;;48.1959436;16.367017
7305;;48.1859486;16.3629027
7306;;48.1836188;16.3636034
7307;;48.1816302;16.3597227
7311;;48.213731;16.3914332
7312;;48.2113665;16.3833214
7316;Karlsplatz;48.200632;16.367583
7320;;48.1615188;16.303578
7321;Rosensteingasse;48.2190103;16.3272306
7326;Feßtgasse;48.2104685;16.3252274
7327;Thaliastraße;48.2082536;16.3388099
7341;Westbahnhof;48.1972191;16.3366809
7343;Fendigasse;48.184044;16.3561564
7345;Weinhauser Gasse;48.2291246;16.3308329
7348;Floridsdorf S U;48.2572663;16.4015033
7349;Patrizigasse;48.2572603;16.4040096
7351;Rothenburgstraße;48.1627052;16.3202956
7354;Karlsplatz;48.25549;16.3422415
7358;Nußdorfer Straße, Alserbachstraße;48.2244088;16.3571805
7359;Ottakring SU;48.2105823;16.3102794
7360;Maroltingergasse;48.2134616;16.3066143
7361;Maroltingergasse;48.2134616;16.3051051
7362;Stillfriedplatz;48.2129588;16.3098842
7364;Atzgersdorf, Bildungscampus;48.1522662;16.3010268
7365;Atzgersdorf, Ziedlergasse;48.1512414;16.2961938
7366;Gerbergasse;48.1481188;16.2981432
7367;Schwarzhaidestraße;48.1522603;16.3282547
7372;;48.2061223;16.4310579
7381;Süßenbrunner Straße, Oberfeldgasse;48.2430299;16.46885
7384;Spargelfeldstraße;48.241259;16.4735752
7385;Ziegelhofstraße;48.2399308;16.4781296
7386;Frederick-Loewe-Weg;48.2380462;16.4817229
7387;Prinzgasse;48.239877;16.4818217
7388;Zanggasse;48.2388;16.4845346
7391;Am Schöpfwerk >;48.1603204;16.3230624
7392;Zanaschkagasse;48.1568029;16.3286679
7393;Ilse-Buck-Straße;48.2312848;16.512086
7394;Seestadt U;48.2263897;16.5085646
7395;Ilse-Buck-Straße;48.2312848;16.5119961
7399;Atzgersdorf. Ziedlergasse;48.1491797;16.295565
7404;Piaristengasse;48.2063498;16.3514941
7412;Salztorbrücke;48.2140064;16.3740329
7416;Fasangasse;48.1886437;16.3853157
7417;Heinrich-Drimmel-Platz;48.1877394;16.3907056
7418;Schweizer-Garten-Straße;48.1859546;16.3830519
7419;Kaiserebersdorf, Münnichplatz;48.1586186;16.4737998
7420;Vorgartenstraße U;48.224361;16.4013776
7421;Walcherstraße;48.2260965;16.4012428
7422;Walcherstraße;48.2260965;16.4012428
7423;Rabengasse;48.1943208;16.3977843
7424;St. Marx S, Grasbergergasse;48.1862361;16.4003355
7425;St. Marx S;48.1887695;16.400066
7429;Hütteldorfer Straße;48.1995483;16.312121
7430;Leyserstraße;48.1980693;16.3020059
7431;Hütteldorfer Straße;48.2001231;16.3108004
7524;Bhf.Gtl., Bedarfshaltest;48.2300581;16.3501916
7526;Quartier Belvedere S (Expedit);48.187368;16.3821357
7531;Wexstraße (Bedarf);48.235976;16.3676728
7540;Wexstraße (Bedarf);48.2359161;16.3663253
7542;Bhf.Otg.-Bedarf (Einzieher);48.2087983;16.3037577
7556;Leberschleife;48.1875357;16.3998504
7704;Winckelmannstraße;48.190087;16.3203855
8004;Viktor-Wittner-Gasse;48.21157;16.5160385
8005;Kahlergasse;48.2136891;16.5162362
8006;Eßling, Friedhof;48.2160475;16.5315974
8007;Adam-Betz-Gasse;48.2155507;16.5354511
8008;Lieglerstraße;48.2143296;16.5418202
8009;Deindorfstraße;48.2169094;16.5433114
8010;Eßling, Schippanisiedlung;48.219136;16.5442636
8011;Schoeppelgasse;48.2195909;16.5378586
8012;Gernotgasse;48.219956;16.5331694
8013;Dörmanngasse;48.2226792;16.5342204
8014;Niklas-Eslarn-Straße;48.2245345;16.5349391
8015;Wehrbrücklstraße;48.2248577;16.5316513
8017;Memlinggasse;48.2283945;16.5218147
8023;Teiläckergasse;48.2333791;16.538703
8024;Hänischgasse;48.2319011;16.5428982
8026;Ziffererstraße;48.2272276;16.5358015
8027;Niklas-Eslarn-Straße;48.2245525;16.5348403
8028;Dörmanngasse;48.2226613;16.5340677
8029;Gernotgasse;48.21998;16.5330257
8035;Eßling, Friedhof;48.2162869;16.531238
8037;Simonsgasse;48.2157303;16.5281388
8038;Kirschenallee;48.2142099;16.5194881
8039;Viktor-Wittner-Gasse;48.2109953;16.5192725
8040;Duchekgasse;48.2086666;16.5187784
8041;Ultzmanngasse;48.2060445;16.5181316
8044;Donaustadtbrücke;48.212438;16.440068
8045;Donaustadtbrücke;48.2121746;16.4398884
8046;Wehrbrücklstraße, Gernotgasse;48.2196687;16.5291539
8047;Rosenbergstraße;48.217915;16.5284533
8048;Eßling, Friedhof;48.2162031;16.5319747
8049;Simonsgasse;48.2157422;16.5282107
8050;Hardeggasse U;48.220764;16.4578726
8051;Hardeggasse U;48.2208119;16.4574953
8052;In der Au;48.2093371;16.4862594
8053;In der Au;48.2092653;16.4861336
8054;Aspernstraße U;48.222362;16.4749945
8055;Aspernstraße U;48.2225775;16.4751382
8056;Aspernstraße, Oberdorfstraße;48.2202194;16.4809234
8059;Mayredergasse;48.2380641;16.5047287
8060;Fuchsenzeile;48.2402778;16.501926
8061;Podhagskygasse;48.2404453;16.4993568
8062;Schukowitzgasse;48.2396257;16.4989346
8063;Pfalzgasse;48.2404753;16.4919098
8064;Ginsterweg;48.2544193;16.498755
8065;Breitenlee, Ort;48.250663;16.497677
8066;Lackenjöchelgasse;48.2434486;16.4931045
8067;Scheedgasse;48.2406787;16.4874092
8068;Pirquetgasse;48.2404693;16.483816
8069;Resedaweg;48.2338937;16.4948383
8070;Margeritenweg;48.231949;16.4942634
8071;Kornblumenweg;48.2292024;16.492889
8072;Scheedgasse;48.240577;16.4873463
8073;Neu Breitenlee;48.2398052;16.4903288
8074;Schukowitzgasse;48.239177;16.499267
8075;Kieslerweg;48.2385846;16.5027704
8076;Marderweg;48.2053679;16.4745274
8077;Schierlinggrundbrücke;48.2090198;16.4650322
8078;Orchisgasse;48.2126954;16.4670714
8079;Wulzendorfstraße;48.2155687;16.4686344
8080;Hirschstetten, Süßenbrunner Straße;48.235228;16.4632805
8081;Oberfeldgasse, Spargelfeldstraße;48.2414564;16.4737638
8082;Eibischweg;48.244681;16.4767732
8083;Bibernellweg;48.2474029;16.4793154
8084;Kapellergasse;48.2498914;16.4816061
8085;Breitenlee, Spargelfeldstraße;48.2512492;16.4828638
8086;Spargelfeldstraße Nord;48.2542578;16.4846694
8087;Breitenlee, Rautenweg;48.2558907;16.4904994
8088;Oleandergasse;48.2551849;16.4978566
8089;Pelargonienweg;48.2566802;16.4956647
8090;Fuchsienweg;48.2584445;16.4928171
8091;Am Rain;48.253558;16.4897179
8092;Breitenlee, Ziegelhofstraße;48.2515842;16.4887657
8093;Pichlgasse;48.2507826;16.4882626
8094;Kapellergasse;48.2478216;16.4855497
8095;Karl-Bednarik-Gasse;48.2457518;16.4833309
8096;Badeteich Hirschstetten;48.2427248;16.4810402
8097;Am Krautgarten;48.2347015;16.461385
8098;Langobardenstraße;48.2252766;16.453381
8099;Wulzendorfstraße;48.2156046;16.4684368
8100;Binsenweg;48.2105045;16.4657059
8101;Schütthäufel;48.2084571;16.4697753
8102;Korbweidenweg;48.2038891;16.4701167
8103;Hardeggasse U;48.2210453;16.4573247
8104;Hardeggasse U;48.2210932;16.4577648
8105;Einsiedeleigasse;48.1832893;16.2642228
8106;Seifertstraße;48.182325;16.2612494
8107;Ghelengasse;48.1803963;16.2593809
8108;St. Veiter Tor;48.1766046;16.2542335
8109;Ghelengasse;48.1802526;16.2599019
8110;Stock im Weg;48.1803244;16.2627585
8111;Gemeindeberggasse;48.181157;16.2645462
8112;Gobergasse;48.1792043;16.268903
8113;Wolkersbergenstraße;48.1775031;16.2732688
8114;Ratmannsdorfgasse;48.1773414;16.2754697
8115;Veitingergasse;48.1796775;16.2762333
8116;Tolstojgasse;48.1809174;16.2776706
8117;Schrutkagasse;48.1814505;16.2808326
8118;Rossinigasse;48.1842896;16.2811471
8119;Hietzing U;48.187961;16.3033983
8120;Am Platz;48.1860265;16.3018263
8121;Tiroler Gasse;48.1809174;16.299329
8122;Montecuccoliplatz;48.1755383;16.2979456
8123;Stranzenberggasse;48.1727527;16.2984127
8124;Atzgersdorfer Straße;48.1703863;16.297164
8125;Pensionistenwohnhaus Hetzendorf;48.1669413;16.3001644
8126;Dorfmeistergasse;48.1646586;16.2963016
8127;Gernotgasse;48.2197884;16.5326753
8128;Pensionistenwohnhaus Rosenberg;48.1593197;16.2869322
8129;Schluckergasse;48.158265;16.2905165
8130;Pfaumengasse;48.1564912;16.2911543
8131;Tullnertalgasse;48.1539743;16.2916304
8132;Endemanngasse;48.1531532;16.2902739
8133;Pensionistenwohnhaus Atzgersdorf;48.1505042;16.2896811
8134;Bhf. Atzgersdorf S;48.1480169;16.2888007
8135;Maurer Friedhof;48.1544956;16.2754158
8136;Franz-Asenbauer-Gasse;48.155005;16.2721909
8137;Heudörfelgasse;48.1532611;16.264097
8138;Mayredergasse;48.2380342;16.5044054
8139;Aspern Nord S U;48.2356589;16.5043964
8140;Ostbahnbegleitstraße;48.2333552;16.4881009
8141;Ostbahnbegleitstraße;48.233427;16.488083
8143;Hietzing U;48.187925;16.3033534
8145;Gebirgsgasse;48.1517688;16.2633065
8198;Polgarstraße;48.2315182;16.4489254
8199;Rosenackerstraße;48.2241814;16.3058148
8200;Dornbach;48.2256895;16.3090936
8201;Steinmüllergasse;48.2245166;16.3060663
8202;Jenschikweg;48.2242293;16.2936786
8203;Umlauftgasse;48.2247978;16.3029402
8204;Spinozagasse;48.2245285;16.2977479
8207;Jenschikweg;48.2240677;16.2937594
8208;Spinozagasse;48.2240976;16.2985923
8209;Karl-Metschl-Gasse;48.2234932;16.3025359
8210;Vorderhainbach, Augustinerwaldgasse;48.2315242;16.1979631
8211;Trollwiese;48.2409479;16.2069103
8212;Roßkopfgasse, Hainbachgasse;48.2458057;16.216666
8213;Hainbachgasse;48.2468107;16.2173577
8214;Laskywiesengasse;48.2476781;16.2188399
8215;Hinterhainbach;48.2488804;16.2190286
8216;Roßkopfgasse;48.2471756;16.2189477
8217;Trollwiese;48.2410436;16.2066677
8218;Vorderhainbach, Augustinerwaldgasse;48.2314942;16.1977026
8480;Rosannagasse;48.2770113;16.4457005
8481;Frohes-Schaffen-Weg;48.2758455;16.4408495
8482;Tauschekgasse;48.2755585;16.4342829
8483;Petritschgasse;48.2793608;16.4352351
8484;Leopoldau, Betriebsgarage;48.2803472;16.4302315
8485;Trillergasse;48.2735137;16.4039378
8486;Brünner Straße <;48.2685091;16.4041174
8487;Ignaz-Köck-Straße;48.2657764;16.3996618
8488;Ignaz-Köck-Straße;48.2657345;16.3988982
8489;Brünner Straße <;48.2687363;16.4039917
8490;Leopoldau, Betriebsgarage;48.2802516;16.4302135
8491;Petritschgasse;48.2793788;16.4351003
8492;Tauschekgasse;48.2756542;16.434184
8493;Frohes-Schaffen-Weg;48.2757977;16.4408765
8494;Rosannagasse;48.2769276;16.4457454
8501;Schüttauplatz;48.2262102;16.4233594
8502;Harrachgasse;48.2221825;16.4252907
8503;Neue Donau Mitte;48.2202134;16.4281204
8504;Mendelssohngasse;48.2256058;16.4243385
8505;Neue Donau Mitte;48.2197884;16.4284618
8506;Dampfschiffhaufen;48.2173165;16.4320101
8507;Donaustadtbrücke U;48.2121926;16.4399243
8509;Kleehäufel;48.208056;16.4460508
8510;Raffineriestraße, Ostbahnbrücke;48.2056433;16.4487368
8511;Kierischitzweg;48.2000692;16.4569923
8512;Dampfkraftwerk;48.1974286;16.4608999
8513;Raffineriestraße, Biberhaufenweg;48.1934346;16.4669007
8514;Frachtenbahnhof Lobau;48.1878771;16.4753089
8515;Panozzalacke;48.1810372;16.4858821
8516;Lobgrundstraße;48.1770359;16.4920625
8518;Finsterbuschstraße, Nord;48.1734177;16.4978117
8519;Finsterbuschstraße, Mitte;48.1707877;16.5020069
8520;Finsterbuschstraße, Öllager;48.1674866;16.5074057
8521;Ölhafen;48.1660306;16.5098851
8522;Finsterbuschstraße, Öllager;48.1675704;16.5075135
8523;Finsterbuschstraße, Mitte;48.1708117;16.5022135
8524;Finsterbuschstraße, Nord;48.1734956;16.4979105
8525;Zentraltanklager;48.1780423;16.4943622
8526;Lobgrundstraße;48.1776529;16.4913888
8527;Panozzalacke;48.1810193;16.485936
8528;Frachtenbahnhof Lobau;48.187943;16.4754167
8529;Raffineriestraße, Biberhaufenweg;48.1934885;16.4669905
8530;Dampfkraftwerk;48.1975544;16.4609718
8531;Kierischitzweg;48.1999914;16.4573426
8532;Raffineriestraße, Ostbahnbrücke;48.205793;16.4487547
8533;Kleehäufel;48.2079901;16.4459071
8535;Donaustadtbrücke U;48.212462;16.440095
8536;Dampfschiffhaufen;48.2168675;16.4325491
8537;Kaisermühlenstraße;48.2134317;16.4416131
8538;Mühlwasserstraße;48.2142877;16.4450626
8539;Kanalstraße;48.212881;16.4561838
8540;Strandbad Stadlau;48.2143715;16.4563904
8541;Wohnpark Lobau;48.2176816;16.4575941
8542;Stadlauer Friedhof;48.2197824;16.4582589
8543;Ehrenpreisgasse;48.217939;16.4612772
8544;Tamariskengasse;48.2164486;16.4650681
8545;Wulzendorfstraße;48.2153472;16.4680595
8546;Orchisgasse;48.2127313;16.4669187
8547;Binsenweg;48.2104685;16.4658497
8548;Schierlinggrundbrücke;48.2087624;16.4653107
8549;Schütthäufel;48.2085589;16.4702963
8550;Ulanenweg;48.2059666;16.4676014
8551;Husarenweg;48.2024402;16.4651939
8552;Naufahrtbrücke;48.1995723;16.4700807
8553;Großer Biberhaufen;48.2020331;16.4732428
8554;Mühlwasser;48.2040867;16.4758299
8555;Brockhausengasse;48.2074873;16.4770786
8556;Mühlhäufelweg;48.2089779;16.4778062
8557;Plattensteinergasse;48.2112707;16.4788213
8558;Haßlwanderweg;48.2126655;16.4790549
8559;Stavangergasse;48.2131623;16.4760186
8560;Seidelbastgasse;48.2142099;16.4712485
8561;Wulzendorfstraße;48.215437;16.4681224
8562;Tamariskengasse;48.2165144;16.465122
8563;Ehrenpreisgasse;48.2181006;16.4612772
8564;Stadlauer Friedhof;48.2198662;16.4582858
8565;Sanddorngasse;48.2186811;16.4577558
8566;Wohnpark Lobau;48.2172925;16.4573516
8567;Strandbad Stadlau;48.2143835;16.4562646
8568;Kanalstraße;48.2127732;16.4556179
8569;Franz-Pletersky-Weg;48.213294;16.4511263
8570;Mühlwasserstraße;48.2143475;16.4451704
8571;Kaisermühlenstraße;48.2135215;16.4416131
8576;Benatzkygasse;48.2300282;16.439529
8583;Kanalstraße;48.21245;16.4559412
8584;Zillbauerplatz;48.2083912;16.4547914
8585;Schillwasserweg;48.2055535;16.453947
8586;Rallenweg;48.204422;16.458735
8587;An der Bien;48.2069365;16.4801688
8588;Lobaugasse;48.2053739;16.4868163
8589;Danzergasse;48.2088402;16.4884243
8590;Asperner Heldenplatz;48.2165563;16.4831153
8592;Plattensteinergasse;48.2113006;16.4787046
8593;Danzergasse;48.2087325;16.4884153
8594;Lobaugasse;48.2054877;16.4867624
8595;An der Bien;48.2069544;16.4804203
8596;Brockhausengasse;48.2075232;16.4768989
8597;Mühlwasser;48.2040209;16.4755694
8598;Großer Biberhaufen;48.202093;16.473126
8599;Naufahrtbrücke;48.1995902;16.469955
8600;Husarenweg;48.2028534;16.4645471
8601;Rallenweg;48.2044878;16.458744
8602;Schillwasserweg;48.205781;16.4528061
8603;Zillbauerplatz;48.2079063;16.4547016
8604;Fischergrund;48.2161074;16.4410023
8605;Eisstoßgasse;48.217927;16.4410023
8606;Siedlung Sonnheim;48.2206383;16.4409753
8607;Siedlung Einigkeit;48.2222543;16.4409394
8608;Veitschiweg;48.2261922;16.440589
8609;Steinbrechergasse;48.2336723;16.4387475
8610;Arminenstraße;48.2364546;16.437436
8611;Kagran >;48.2436879;16.4330791
8612;Steigenteschgasse;48.2454408;16.4395111
8613;Portnergasse;48.24434;16.4439128
8614;Mergenthalerplatz;48.243335;16.4467155
8615;Freihofsiedlung;48.2426171;16.4498237
8616;Kagraner Anger;48.2393624;16.4486379
8617;Neukagran;48.2364905;16.4474611
8618;Siebenbürgerstraße;48.2328825;16.4465
8620;Erzherzog-Karl-Straße <;48.229352;16.4521324
8621;Smolagasse;48.2275507;16.4512251
8623;Schreinerweg;48.2275746;16.4476139
8624;Siebenbürgerstraße;48.2328645;16.4466347
8625;Neukagran;48.2364905;16.4476588
8626;Kagraner Anger;48.2393445;16.4487547
8627;Freihofsiedlung;48.2421385;16.45021
8628;Mergenthalerplatz;48.2434486;16.4468144
8629;Portnergasse;48.2444118;16.4439667
8630;Aspernstraße, Oberdorfstraße;48.2202493;16.4815253
8631;Goldregengasse;48.2210094;16.4846514
8632;Pilotengasse;48.2205306;16.4882177
8633;Reglergasse;48.2234154;16.4894933
8634;An den alten Schanzen;48.2266411;16.4899964
8635;Kornblumenweg;48.2295315;16.4912001
8636;Hagedornweg;48.2327568;16.4926554
8637;Hausfeldstraße U;48.2336783;16.4871667
8638;Kornblumenweg;48.2303094;16.4858372
8640;An den alten Schanzen;48.2263718;16.4902749
8641;Reglergasse;48.2238582;16.4875889
8642;Aurikelweg;48.2210034;16.4862774
8643;Soldanellenweg;48.2201954;16.4885501
8644;Haberlandtgasse;48.218747;16.4901042
8645;Hirschstetten, Ort;48.234504;16.4671882
8646;Mühlau;48.209846;16.5034801
8647;Donaustadtbrücke U;48.2124919;16.4401309
8648;Donaustadtbrücke U;48.2121686;16.4398704
8649;Haschafeld;48.2249893;16.475282
8651;Aspernstraße, Oberdorfstraße;48.2196568;16.4810132
8652;Oberdorfstraße;48.2178013;16.4799352
8653;Heustadelgasse, Schule;48.2149401;16.4838429
8654;Hoechlegasse;48.213713;16.4889723
8655;Jägermaiszufahrt;48.2124021;16.4946137
8656;Heustadelgasse;48.2109115;16.497138
8657;Auspitzgasse;48.2091934;16.5001833
8658;Mühlau;48.2087445;16.5033004
8659;Leidlweg;48.2081398;16.50728
8660;Dumreichergasse;48.207134;16.510442
8661;Bambergergasse;48.2061402;16.5150953
8664;Duchekgasse;48.2097921;16.5160026
8673;Bambergergasse;48.206248;16.5150953
8674;Dumreichergasse;48.207134;16.5105768
8675;Arztgasse;48.208487;16.5105858
8676;Haengasse;48.209397;16.5066691
8677;Auspitzgasse;48.2103009;16.5002641
8678;Heustadelgasse;48.210714;16.4975782
8679;Jägermaiszufahrt;48.2122046;16.4957815
8680;Hoechlegasse;48.2136472;16.4895382
8681;Heustadelgasse, Schule;48.215006;16.4838699
8682;Aspernstraße U;48.2234453;16.4754257
8683;Aspernstraße U;48.2229904;16.4754257
8685;Aspernstraße U;48.2233555;16.4756682
8687;Eßling, Schule;48.2150239;16.5265668
8688;Franz-Pletersky-Weg;48.213282;16.4503178
8689;Harrachgasse;48.2222244;16.4253536
8691;Otto-Weber-Gasse;48.204883;16.4558694
8692;Aspern, Sportplatz;48.2135454;16.480618
8693;Aspern, Sportplatz;48.2137609;16.4807797
8694;Pfalzgasse;48.2402659;16.4915145
8695;Lackenjöchelgasse;48.2434726;16.4930057
8696;Breitenlee, Ort;48.250663;16.4974883
8697;Im Gestockert;48.2063318;16.511547
8698;Im Gestockert;48.206254;16.511547
8699;Otto-Weber-Gasse;48.2049668;16.4559323
8730;Lange Allee;48.2270779;16.4444428
8731;Deinleingasse;48.2217156;16.4437691
8732;Angelibad;48.2471636;16.4031383
8733;Stadlau < >;48.2184058;16.4484044
8734;Angelibad;48.2470739;16.4031023
8735;Deinleingasse;48.2218892;16.4441104
8736;Schreinerweg;48.227437;16.4468593
8750;Bhf. Meidling S U, Schedifkaplatz;48.1726988;16.3316414
8752;Am Hubertusdamm;48.2495205;16.391577
8753;Am Hubertusdamm;48.2505494;16.3919273
8754;Neue Donau U;48.2464697;16.3951972
8755;Kugelfanggasse;48.2461407;16.3985479
8756;Josef-Melichar-Gasse;48.2455245;16.401126
8757;Friedstraße;48.2448545;16.4049349
8758;Warhanekgasse;48.2441785;16.4079622
8759;Wildbadgasse;48.2445315;16.410208
8760;Wildbadgasse;48.2445853;16.4100733
8761;Donauturm;48.2419291;16.408591
8762;Donauturm;48.2419829;16.4089414
8763;Verbindungsweg;48.2413667;16.4033539
8764;Verbindungsweg;48.241271;16.4033629
8765;Donau-City-Nord;48.2354195;16.4080431
8766;Donau-City-Nord;48.2354674;16.408097
8767;Alte Donau U;48.2380282;16.4237726
8768;Alte Donau U;48.2379504;16.4236648
8769;Bundessportbad;48.2400744;16.4210237
8770;Bundessportbad;48.2399607;16.4209429
8771;Strandbad Alte Donau;48.2414146;16.4180683
8772;Strandbad Alte Donau;48.2413428;16.4179964
8773;ArbeiterInnenstrand;48.2432871;16.4141516
8774;ArbeiterInnenstrand;48.2432093;16.4140798
8775;Warhanekgasse;48.2448904;16.4085282
8776;Friedstraße;48.2458954;16.404908
8777;Josef-Melichar-Gasse;48.2464398;16.4014764
8778;Sandrockgasse;48.2468226;16.3989162
8779;Frömmlgasse;48.2564888;16.3925022
8780;Frömmlgasse;48.2560402;16.3923315
8781;Floridsdorf SU;48.2566862;16.4010452
8782;Dunantgasse;48.2603404;16.3887922
8783;Jedlesee, Bellgasse;48.2626548;16.3870494
8784;Jeneweingasse;48.2660754;16.3852798
8785;Jeneweingasse;48.26589;16.385145
8786;Anton-Bosch-Gasse;48.2695256;16.3873459
8787;Anton-Bosch-Gasse;48.2694539;16.387301
8788;Jedleseer Friedhof;48.2702431;16.3834562
8789;Jedleseer Friedhof;48.2701295;16.3835101
8790;Jedlesee, Überfuhrstraße;48.269418;16.3799528
8791;Jedlesee, Überfuhrstraße;48.2693223;16.3800067
8792;Meyerbeergasse;48.2724913;16.3781022
8793;Meyerbeergasse;48.2723717;16.3779854
8794;Zallingergasse;48.2747753;16.3754702
8795;Zallingergasse;48.2747275;16.3753624
8796;Voltelinistraße;48.2770831;16.3735478
8797;Voltelinistraße;48.2770532;16.3734759
8798;Schwarzlackenau;48.2779141;16.3698377
8799;Schwarzlackenau;48.2777586;16.3689394
8800;Segelzentrum Nord;48.2785896;16.368113
8801;Segelzentrum Nord;48.2785478;16.3680052
8802;Lohnergasse;48.2821048;16.369173
8803;Lohnergasse;48.2820629;16.3690292
8804;Hoffherr-Schrantz-Gasse;48.2830373;16.3716523
8805;Hofherr-Schrantz-Gasse;48.2829297;16.3717062
8806;Vohburggasse;48.2836889;16.3742664
8807;Vohburggasse;48.2836112;16.3743203
8808;Strohbogasse;48.2842628;16.3765122
8810;Tonfabrikgasse;48.2851415;16.3790994
8811;Tonfabrikgasse;48.2852371;16.3790185
8812;Bhf. Strebersdorf S;48.2861457;16.3807073
8813;Stryeckgasse;48.2591443;16.3961943
8814;Freyenthurmgasse;48.2054937;16.2568207
8815;Wolfersbergbrücke;48.2115341;16.2532723
8816;Hüttelbergstraße, Campingplatz;48.2147426;16.2495174
8817;Ulmenstraße;48.2164067;16.2491311
8818;Schottenwald;48.2305069;16.2579975
8819;Hanslteich;48.2375256;16.2690108
8820;Schwarzenbergallee;48.2400924;16.2777065
8821;Artariastraße;48.2425931;16.2815244
8822;Keylwerthgasse;48.2507228;16.2884504
8823;Keylwerthgasse;48.2511116;16.2885222
8824;Artariastraße;48.242623;16.2812638
8825;Schwarzenbergallee;48.2401761;16.2776436
8826;Hanslteich;48.2375915;16.26893
8827;Schottenwald;48.2305787;16.2579256
8828;Ottakring SU;48.2106302;16.3104232
8829;Hüttelbergstraße, Campingplatz;48.2142697;16.2496791
8830;Wolfersbergbrücke;48.2110432;16.2537574
8831;Freyenthurmgasse;48.2054697;16.2567039
8832;Bergmillergasse;48.2024821;16.2571351
8833;Hernals, Wattgasse;48.2216618;16.3210323
8834;Hernals S;48.2229126;16.3150135
8835;Hernalser Friedhof;48.224355;16.3191458
8836;Czartoryskigasse;48.2280235;16.3271947
8837;Krenngasse;48.2296272;16.3194333
8838;Gersthofer Friedhof;48.2300042;16.3162981
8839;Schöberweg;48.2309078;16.3116089
8840;Kleingartenverein Alsrückenweg;48.2317276;16.3081684
8841;Twarochgasse;48.2329543;16.3056261
8842;Schafberg, Werfelstraße;48.2349528;16.3017724
8843;Schafbergbad;48.2362811;16.3010627
8844;Schafberghöhe;48.2378786;16.2977928
8846;Schafberg, Werfelstraße;48.2346656;16.3020329
8847;Twarochgasse;48.2331458;16.3051321
8848;Kleingartenverein Alsrückenweg;48.2316259;16.3082133
8849;Schöberweg;48.230836;16.311564
8850;Gersthofer Friedhof;48.2299504;16.3167114
8851;Krenngasse;48.2294776;16.3198824
8852;Alsegger Straße, Czartoryskigasse;48.2289211;16.3236733
8853;Alsegger Straße, Czartoryskigasse;48.2290348;16.3237272
8854;Neuwaldegger Straße;48.2368974;16.2880731
8855;Geroldgasse;48.2392069;16.2835186
8856;Marswiese;48.2404513;16.2799613
8857;Promenadeweg;48.250663;16.2809315
8858;Obere Waldandacht;48.2531274;16.2737
8859;Dreimarkstein;48.2583249;16.2881449
8860;Höhenstraße, Rohrerwiese;48.2666255;16.2961399
8861;Höhenstraße, Rohrerwiese;48.2669544;16.2965442
8862;Dreimarkstein;48.258606;16.2872466
8863;Obere Waldandacht;48.2531453;16.2735922
8864;Promenadeweg;48.2505912;16.2809584
8865;Keylwerthgasse;48.2508544;16.2881539
8866;Marswiese;48.2402659;16.280096
8867;Geroldgasse;48.2390453;16.2835635
8868;Neuwaldegger Straße;48.2367897;16.2879473
8869;Hernals S;48.2232478;16.3155076
8872;Heuberggasse;48.2287236;16.2975144
8873;Braungasse;48.22706;16.2961579
8874;Wallishaussergasse;48.2251928;16.290247
8875;Eselstiege;48.2245046;16.2870759
8876;Kretschekgasse;48.2246063;16.2836983
8877;Röntgengasse;48.2254023;16.2861058
8878;Schrammelgasse;48.2257733;16.2851895
8879;Heuberg;48.225887;16.2834108
8880;Plachygasse;48.2266171;16.281174
8881;Siedlung Heuberg;48.2272455;16.2798715
8882;Pointengasse;48.2280354;16.2810482
8883;Grasgasse;48.2298846;16.2822879
8884;Mitterberg;48.2312429;16.2818567
8885;Grabengasse;48.2300461;16.2833389
8886;Moosgasse;48.2286758;16.2827461
8887;Plachygasse;48.2269523;16.2810662
8888;Heuberg;48.2260666;16.2830695
8889;Röntgengasse;48.2254382;16.2860249
8890;Kretschekgasse;48.2246781;16.2836983
8891;Eselstiege;48.2243191;16.2865998
8892;Wallishaussergasse;48.225127;16.290247
8893;Braungasse;48.2268446;16.2960232
8894;Heuberggasse;48.2286817;16.2976222
8895;Dornbacher Straße;48.2281791;16.3012783
8896;Dornbach, Güpferlingstraße;48.2262222;16.3079169
8897;Ottakring SU;48.2129887;16.311052
8898;Ottakring SU;48.2119412;16.3108903
8899;Gallitzinstraße, Friedhof;48.214144;16.3018622
8900;Funkengerngasse;48.215437;16.2937414
8901;Liebhartstal;48.2156345;16.291819
8902;Funkengerngasse;48.2153232;16.2935258
8903;Gallitzinstraße;48.2141321;16.3010088
8904;Stillfriedplatz;48.2129468;16.3097135
8905;Steinlegasse;48.2116957;16.2962477
8906;Ottakringer Bad;48.2125098;16.2909117
8907;Pönningerweg;48.2131923;16.2888456
8908;Hansl-Schmid-Weg;48.2144314;16.2844349
8909;Hertlgasse;48.2152694;16.2808147
8910;Feuerwache Am Steinhof;48.2153771;16.2782904
8911;Feuerwache Am Steinhof;48.2152634;16.2782455
8912;Savoyenstraße, Koenig-Promenade;48.2180527;16.2788474
8913;Wilhelminenberg;48.2200817;16.2848212
8914;Predigtstuhl;48.2224039;16.2895553
8915;Otto-Hölzl-Weg;48.2220269;16.2911363
8916;Kempfengerngasse;48.21998;16.2957806
8917;Paulinensteig;48.2184477;16.2993649
8918;Kollburggasse;48.21834;16.3012603
8919;Sandleitengasse;48.2178013;16.3070994
8920;Sandleitengasse;48.217903;16.3071533
8921;Kollburgggasse;48.2184118;16.3012154
8922;Paulinensteig;48.2184956;16.2994368
8923;Kempfengerngasse;48.2200697;16.2959513
8924;Otto-Hölzl-Weg;48.2216498;16.2917831
8925;Oberwiedenstraße;48.2229725;16.2904626
8926;Predigtstuhl;48.2224578;16.2894834
8927;Wilhelminenberg;48.2201535;16.2847763
8928;Savoyenstraße;48.2180946;16.2786497
8929;Hertlgasse;48.2152035;16.2801409
8930;Hansl-Schmid-Weg;48.2143416;16.28439
8931;Pönningerweg;48.2133479;16.2883875
8932;Ottakringer Bad;48.212444;16.2907231
8933;Steinlegasse;48.2116239;16.2962477
8934;Gallitzinstraße;48.2137968;16.301458
8935;Bhf. Hütteldorf SU;48.1960095;16.2604768
8936;Pfeiffenbergergasse;48.194746;16.2610068
8937;Seuttergasse;48.1934406;16.2622016
8938;Innocentiagasse;48.1905481;16.262516
8939;Schweizertalgasse;48.187949;16.265723
8940;Wolfrathplatz;48.1878771;16.2679598
8941;Rohbacherstraße;48.1876974;16.273709
8942;Preindlgasse;48.1875597;16.2776796
8943;Unter St. Veit, Verbindungsbahn;48.1870746;16.2813447
8944;Unter St. Veit, Verbindungsbahn;48.1871824;16.2805632
8945;Preindlgasse;48.1875118;16.2776796
8946;Rohrbacherstraße;48.1876795;16.2727837
8947;Wolfrathplatz;48.187937;16.2679598
8948;Schweizertalgasse;48.1878651;16.2656691
8949;Innocentiagasse;48.1905481;16.2623992
8950;Seuttergasse;48.1933747;16.2620758
8951;Pfeiffenbergergasse;48.1947161;16.2608811
8952;Preindlgasse;48.1877993;16.2772663
8953;Horeischygasse;48.183475;16.2767543
8954;Gogolgasse;48.182337;16.2766016
8955;Toistojgasse;48.1810133;16.2776167
8956;Veitingergasse;48.1793661;16.2762153
8957;Wolkersbergenstraße;48.1776888;16.2726131
8958;Wlassakstraße;48.1773654;16.271059
8959;Lafitegasse;48.1762332;16.2677981
8960;Reischergasse;48.174454;16.2648965
8961;Josef-Lister-Gasse;48.1750831;16.269442
8962;Wlassakstraße;48.1773654;16.2712656
8963;Gobergasse;48.1792223;16.2686605
8964;Gemeindeberggasse;48.1812648;16.2645462
8965;Stock im Weg;48.1805221;16.2607463
8966;Ghelengasse;48.1804143;16.2595516
8967;Seifertgasse;48.1821813;16.2609709
8968;Einsiedeleigasse;48.1832714;16.2643845
8969;Angermayergasse;48.1842656;16.2649235
8970;Ratmannsdorfgasse;48.1774672;16.2754967
8971;Jedlesee, Bellgasse;48.2626129;16.3868698
9171;Altmannsdorfer Straße;48.1643829;16.3148069
